Dist(mi),SpdLim(mph),Grade(%),Curve(Doc),Catenary(Y/N),Elev
0.0,60.0,0.0,0.0,0,0.0
0.309030167,60.0,0.299,0.0,0,4.881888253
0.619703246,60.0,0.873,0.247,0,19.20991079
0.93019178,60.0,1.07,0.625,0,36.74860355
1.24087728,60.0,1.596,0.26,0,62.93775718
1.550029245,60.0,1.094,0.889,0,80.79986141
1.86071226,60.0,1.333,0.563,0,102.6608577
2.17139776,60.0,0.677,0.004,0,113.7666525
2.48208326,60.0,0.49,0.0,0,121.7981914
2.79276876,60.0,-0.862,0.0,0,107.6644091
3.10345426,60.0,-0.024,0.0,0,107.2707622
3.41413976,60.0,0.562,0.0,0,116.4834166
3.72482526,60.0,-1.687,0.0,0,88.80631859
4.03551076,60.0,-1.363,0.312,0,66.45379882
4.346063901,60.0,-1.365,0.572,0,44.06919771
4.656349856,60.0,-1.023,0.857,0,27.30214892
4.966289096,60.0,-1.036,0.879,0,10.35451464
5.276921785,60.0,-0.675,0.438,0,-0.718263183
5.587004554,60.0,-0.089,0.207,0,-2.170050768
5.897290509,60.0,0.164,0.067,0,0.520161402
6.206640065,60.0,-0.088,1.122,0,-0.922674541
6.517325565,60.0,-0.028,0.26,0,-1.386987613
6.828011065,60.0,0.391,0.0,0,5.030426505
7.138696565,60.0,0.895,0.051,0,19.71650986
7.449204347,60.0,0.001,0.467,0,19.7298357
7.759885504,60.0,0.779,0.279,0,32.50867469
8.070010522,60.0,0.621,0.607,0,42.6704443
8.380696022,60.0,0.184,0.332,0,45.68792726
8.691239226,60.0,0.212,0.212,0,49.16163385
9.0019179,60.0,0.864,0.596,0,63.33160609
9.31195842,60.0,-0.086,0.955,0,61.91699954
9.622549466,60.0,0.92,0.371,0,77.01204159
9.933234966,60.0,1.469,0.151,0,101.1072631
10.24326119,60.0,1.112,0.821,0,119.3113603
10.55346576,60.0,1.106,1.466,0,137.4323502
10.86317011,60.0,0.102,1.274,0,139.1018752
11.17385498,60.0,-0.759,0.391,0,126.6538537
11.48454048,60.0,-0.793,0.038,0,113.6519285
11.79515079,60.0,1.111,0.681,0,131.8654838
12.10539636,60.0,-0.723,1.005,0,120.0177119
12.4151001,60.0,-1.368,1.152,0,97.65451478
12.72576944,60.0,-1.499,1.177,0,73.06939603
13.03467906,60.0,-0.617,0.979,0,63.00903026
13.34536456,60.0,1.127,0.582,0,81.49844426
13.65605006,60.0,0.605,0.0,0,91.41984824
13.96673556,60.0,-0.026,0.0,0,90.98685758
14.27742106,60.0,0.075,0.206,0,92.21192554
14.58755604,60.0,0.067,0.852,0,93.314941
14.89796254,55.82767233,-0.352,1.833,0,87.5525629
15.20716235,59.38299483,-0.016,1.62,0,87.28697946
15.51692698,50.71409245,1.009,2.222,0,103.795016
15.82580118,52.84157671,1.037,2.046,0,120.7119896
16.13647735,60.0,1.185,0.646,0,140.1572766
16.4457051,60.0,1.09,0.293,0,157.9462266
16.75573629,60.0,0.781,0.077,0,170.7235935
17.06591786,60.0,0.732,1.27,0,182.7065843
17.37634488,59.17271935,1.085,1.632,0,200.4866088
17.68293058,47.95657781,1.243,2.485,0,220.6061806
17.99338181,60.0,-0.315,1.485,0,215.4363973
18.30406731,60.0,-0.681,0.07,0,204.2710617
18.61475095,60.0,-1.254,0.58,0,183.7038677
18.92467404,60.0,-1.144,1.226,0,164.9817437
19.23338918,60.0,-0.785,1.399,0,152.1784568
19.54407405,60.0,-0.579,0.991,0,142.6831666
19.85410027,60.0,-1.143,1.038,0,123.9708854
20.1626874,58.39655358,-0.847,1.676,0,110.1632903
20.47336855,60.0,-1.112,0.876,0,91.91611271
20.78405405,60.0,-0.462,0.222,0,84.33540602
21.09356951,60.0,0.086,1.04,0,85.74176928
21.40425005,60.0,0.46,1.193,0,93.29566756
21.71282289,60.0,-2.285,1.43,0,56.06763826
22.02279071,54.88735295,2.723,1.897,1,100.628568
22.33344016,60.0,1.316,0.361,0,122.2119731
22.64133074,57.03356691,0.91,1.757,0,137.007961
22.95185655,60.0,0.291,1.305,0,141.7747546
23.26254205,60.0,1.075,0.056,0,159.4171008
23.57322755,60.0,-0.574,0.0,0,150.0076578
23.88391305,60.0,-0.629,0.0,0,139.6927028
24.19459855,60.0,-0.062,0.313,0,138.6796186
24.50443526,60.0,-0.02,0.889,0,138.3537855
24.81511083,60.0,1.212,0.651,0,158.2361896
25.1256298,60.0,0.547,0.736,0,167.2010382
25.43589711,60.0,-1.54,0.812,0,141.9735577
25.74658261,60.0,-1.481,0.186,0,117.6711485
26.05721094,60.0,-1.354,0.405,0,95.4699886
26.36732354,54.45595935,-0.605,1.927,0,85.5671568
26.67422426,54.94461277,0.115,1.893,0,87.43311842
26.98314756,60.0,-0.333,1.149,0,81.99380762
27.28854829,56.79868039,2.6,1.771,1,123.9159556
27.59263298,60.0,1.134,0.734,0,142.1193196
27.90331351,60.0,1.29,0.07,0,163.2765465
28.20994768,54.66499083,1.108,1.912,0,181.219303
28.52063255,60.0,0.85,0.959,0,195.1630061
28.83131805,60.0,0.869,0.0,0,209.4152258
29.14200355,60.0,0.704,0.009,0,220.9579875
29.45267972,60.0,0.061,0.511,0,221.9506629
29.7627569,60.0,0.419,0.72,0,228.8157197
30.0734424,60.0,1.222,0.217,0,248.8687313
30.3841279,60.0,1.466,0.0,0,272.9239702
30.6948134,60.0,0.967,0.0,0,288.7902412
31.0054989,60.0,-0.369,0.115,0,282.7390973
31.31571651,59.13860249,0.136,1.634,0,284.9685597
31.6226862,50.98693832,0.725,2.198,0,296.7180001
31.9333717,60.0,0.643,0.655,0,307.2733886
32.2440572,60.0,-0.07,0.0,0,306.1316781
32.5547427,60.0,-0.876,0.003,0,291.7639965
32.86542138,60.0,-1.298,0.562,0,270.4745057
33.17496978,60.0,-1.003,1.132,0,254.0788572
33.48564286,60.0,0.157,0.577,0,256.6591535
33.79632836,60.0,0.852,0.009,0,270.642422
34.10701386,60.0,1.157,0.0,0,289.6187951
34.41769936,60.0,-0.004,0.607,0,289.5456393
34.72505181,58.9107847,1.066,1.647,0,306.8518363
35.03572613,60.0,0.94,1.032,0,322.2704654
35.34641163,60.0,0.176,0.01,0,325.1522604
35.65709713,60.0,0.679,0.753,0,336.2961109
35.96421285,58.40015312,0.28,1.675,0,340.8285572
36.27489835,60.0,-0.257,0.904,0,336.6187279
36.58558385,60.0,-0.295,0.0,0,331.7762098
36.89626935,60.0,-0.962,0.0,0,315.9888132
37.20695485,60.0,-0.438,0.818,0,308.7982506
37.51358777,51.51979992,0.113,2.153,0,310.6287756
37.82418069,60.0,0.588,1.344,0,320.2692374
38.13486619,60.0,-0.209,0.037,0,316.8334944
38.44555169,60.0,-0.425,0.0,0,309.8649928
38.75623719,60.0,-0.488,0.13,0,301.857059
39.06657969,60.0,0.047,0.469,0,302.6196094
39.37726457,60.0,-0.31,0.342,0,297.5346004
39.68795007,60.0,-1.332,0.003,0,275.6869097
39.99863557,60.0,-0.053,0.0,0,274.8208853
40.30932107,60.0,0.806,0.0,0,288.0493349
40.62000657,60.0,1.328,0.871,0,309.83713
40.92692345,58.20786107,1.155,1.687,0,328.5505813
41.23760709,60.0,0.168,0.798,0,331.3051021
41.54829259,60.0,-0.136,0.46,0,329.0689367
41.85787391,60.0,-1.347,1.045,0,307.054223
42.16845005,60.0,-1.294,1.446,0,285.8300305
42.47862603,60.0,-0.618,0.555,0,275.7151855
42.78689315,50.88816773,1.497,2.207,0,300.0769477
43.09336576,44.75357257,1.643,2.853,0,326.6630377
43.40404815,60.0,0.379,0.049,0,332.8828789
43.71305656,60.0,1.023,1.206,0,349.5754223
44.02374206,60.0,0.766,0.311,0,362.1433004
44.33442756,60.0,-0.648,0.898,0,351.5120694
44.64316754,60.0,-1.348,1.2,0,329.5380108
44.95385304,60.0,-1.33,0.295,0,307.7227558
45.26453854,60.0,-1.0,0.168,0,291.3200011
45.57516812,60.0,-0.688,0.224,0,280.0394641
45.88583621,60.0,-0.327,0.136,0,274.6744061
46.19652171,60.0,0.813,0.081,0,288.0060096
46.50720721,60.0,0.931,0.056,0,303.2864965
46.81773862,60.0,0.782,1.091,0,316.1134874
47.12745293,60.0,-0.73,1.25,0,304.1809944
47.43811979,60.0,-0.772,1.064,0,291.5144428
47.74789373,60.0,-1.52,1.435,0,266.6570995
48.05743902,60.0,1.872,0.361,0,297.2552895
48.36757522,60.0,1.481,0.406,0,321.5114627
48.67826072,60.0,1.48,0.186,0,345.7914512
48.98894622,60.0,0.996,0.0,0,362.1301156
49.29963172,60.0,0.274,0.0,0,366.6183032
49.61031722,60.0,1.015,0.0,0,383.2722042
49.92100272,60.0,-0.342,0.518,0,377.6568316
50.23016026,60.0,0.463,0.845,0,385.20832
50.54084576,60.0,-0.592,0.322,0,375.5015345
50.85153126,60.0,0.259,0.0,0,379.7535029
51.16221676,60.0,0.151,0.805,0,382.2374393
51.4702223,60.0,0.702,1.249,0,393.6457911
51.7809078,60.0,-0.523,0.064,0,385.0739229
52.08949803,60.0,-0.403,1.264,0,378.5036888
52.40017919,60.0,-0.279,0.891,0,373.9297084
52.71086469,60.0,-0.42,0.006,0,367.0443048
53.02155019,60.0,-0.742,0.0,0,354.8789588
53.33223569,60.0,-0.391,0.0,0,348.4616382
53.64292119,60.0,-0.691,0.0,0,337.1230628
53.95360669,60.0,0.086,0.0,0,338.5403906
54.26429219,60.0,-0.044,0.031,0,337.8170457
54.57492736,60.0,0.009,0.736,0,337.9636854
54.88448941,60.0,0.317,1.496,0,343.1530718
55.19502579,60.0,0.411,0.855,0,349.8891107
55.50571129,60.0,-0.162,0.018,0,347.2261507
55.81602273,60.0,-0.289,1.332,0,342.4862009
56.12542821,60.0,-0.338,1.495,0,336.965238
56.43611371,60.0,0.641,0.245,0,347.4733295
56.74679921,60.0,-0.941,0.0,0,332.0402656
57.05748471,60.0,0.878,0.0,0,346.4497135
57.36817021,60.0,0.216,0.0,0,349.9930204
57.67885571,60.0,-0.31,0.2,0,344.9143468
57.98914663,60.0,0.959,0.345,0,360.619025
58.29969916,60.0,0.442,0.162,0,367.8728088
58.61038466,60.0,0.389,0.307,0,374.2564074
58.92107016,60.0,-0.055,0.0,0,373.3508967
59.23175566,60.0,-0.756,0.0,0,360.9493271
59.54244116,60.0,-0.662,0.0,0,350.0831905
59.85312666,60.0,-0.624,0.0,0,339.8469754
60.16381216,60.0,-0.542,0.0,0,330.9493417
60.47449766,60.0,0.175,0.0,0,333.8233566
60.78518316,60.0,0.001,0.571,0,333.8398284
61.09415555,60.0,-0.594,0.952,0,324.1522766
61.40484105,60.0,-1.266,0.376,0,303.3852636
61.71552655,60.0,0.569,0.0,0,312.715969
62.02621205,60.0,-0.598,0.0,0,302.9128226
62.33689755,60.0,0.547,0.539,0,311.8803875
62.64525166,60.0,1.52,1.138,0,336.6279401
62.95593716,60.0,0.547,0.591,0,345.596918
63.26662266,60.0,-1.116,0.0,0,327.2898543
63.57730816,60.0,0.391,0.0,0,333.7071862
63.88799366,60.0,-0.286,0.0,0,329.0221681
64.19867916,60.0,-0.713,0.0,0,317.3292743
64.50936466,60.0,-0.027,0.083,0,316.8827938
64.81995136,60.0,0.259,0.205,0,321.1382758
65.13063686,60.0,-1.386,0.121,0,298.3993023
65.44132236,60.0,-1.114,0.0,0,280.1315918
65.75200786,60.0,0.809,0.0,0,293.3993072
66.06269336,60.0,1.39,0.0,0,316.19458
66.37337886,60.0,-0.234,0.215,0,312.348008
66.68395438,60.0,0.962,0.275,0,328.1160206
66.99463988,60.0,-0.314,0.206,0,322.9635102
67.30471582,60.0,-0.448,1.282,0,315.624476
67.61502726,60.0,1.095,1.233,0,333.5624078
67.92571276,60.0,0.441,0.098,0,340.8046473
68.23639826,60.0,0.418,0.0,0,347.6551351
68.54708376,60.0,-0.154,0.0,0,345.1355455
68.85776926,60.0,-0.23,0.452,0,341.3575044
69.1657052,60.0,-0.414,1.159,0,334.6241838
69.4763907,60.0,-1.447,0.697,0,310.8816015
69.7870762,60.0,-1.27,0.0,0,290.0548449
70.0977617,60.0,-1.56,0.0,0,264.464302
70.4084472,60.0,-0.884,0.331,0,249.9608279
70.71842185,60.0,-0.051,0.647,0,249.1301433
71.02910735,60.0,0.046,0.314,0,249.8895511
71.33979285,60.0,0.062,0.0,0,250.9131731
71.65047835,60.0,-0.931,0.0,0,235.6376717
71.96116385,60.0,-0.95,0.0,0,220.0472974
72.27184935,60.0,-0.336,0.0,0,214.5356786
72.58253485,60.0,-0.379,0.0,0,208.3153235
72.89322035,60.0,-0.011,0.224,0,208.1374835
73.20366538,60.0,0.502,0.349,0,216.364743
73.51435088,60.0,-0.676,0.125,0,205.281694
73.82503638,60.0,-0.336,0.0,0,199.7700027
74.13572188,60.0,0.588,0.0,0,209.4157993
74.44640738,60.0,-0.679,0.0,0,198.2741687
74.75709288,60.0,-0.026,0.005,0,197.8452928
75.06282791,60.0,-0.906,0.733,0,183.2160803
75.36997658,60.0,0.229,1.583,0,186.9287651
75.68065959,60.0,-0.616,0.972,0,176.8282328
75.99098283,60.0,-0.319,0.816,0,171.6042431
76.30150057,60.0,0.456,0.747,0,179.0822278
76.61218607,60.0,-0.47,0.065,0,171.3773966
76.92287157,60.0,-0.529,0.119,0,162.6915435
77.23334952,60.0,-0.31,0.293,0,157.6067581
77.54403502,60.0,-0.184,0.173,0,154.5936586
77.85472052,60.0,-0.408,0.0,0,147.9007694
78.16540602,60.0,-0.156,0.0,0,145.3417441
78.47609152,60.0,0.061,0.023,0,146.3440814
78.78672481,60.0,0.096,0.492,0,147.9126376
79.09738982,60.0,-0.05,0.452,0,147.0877313
79.4038152,47.5712742,0.102,2.525,0,148.7337468
79.71395886,57.96011881,-0.796,1.701,0,135.7007036
80.02464436,60.0,0.921,0.448,0,150.8171415
80.3341244,60.0,0.397,1.245,0,157.3051766
80.64414006,60.0,1.456,0.917,0,181.1359558
80.95482494,60.0,1.055,0.577,0,198.4410502
81.26536565,60.0,-0.399,0.386,0,191.8941724
81.57605115,60.0,-0.547,0.06,0,182.9258548
81.88673665,60.0,0.422,0.0,0,189.8549868
82.19742215,60.0,0.475,0.0,0,197.6502601
82.50810765,60.0,1.29,0.416,0,218.8044464
82.81812766,60.0,0.14,0.368,0,221.1015079
83.1281371,60.0,0.859,0.909,0,235.1624529
83.43826212,60.0,-0.363,1.508,0,229.2220456
83.74644909,60.0,-1.041,1.45,0,212.2833594
84.05713333,60.0,-0.389,0.792,0,205.8989481
84.36781883,60.0,0.6,0.001,0,215.7421472
84.67850433,60.0,0.811,0.0,0,229.0493774
84.98918983,60.0,0.768,0.0,0,241.6479168
85.29987533,60.0,0.269,0.514,0,246.0681042
85.60777212,55.25254157,-0.37,1.872,0,240.0484132
85.9182886,60.0,-0.192,1.405,0,236.9023219
86.2289741,60.0,-0.753,0.063,0,224.5504973
86.5396596,60.0,-0.653,0.0,0,213.8418397
86.8503451,60.0,0.055,0.0,0,214.7473516
87.1610306,60.0,-0.007,0.0,0,214.6292422
87.4717161,60.0,0.019,0.0,0,214.9442032
87.7824016,60.0,0.367,0.0,0,220.9678235
88.0930871,60.0,0.096,0.0,0,222.5426262
88.4037726,60.0,0.715,0.0,0,234.2749066
88.7144581,60.0,-0.454,0.0,0,226.8339641
89.0251436,60.0,-0.408,0.0,0,220.1410531
89.3358291,60.0,-0.329,0.0,0,214.7473541
89.6465146,60.0,-0.506,0.0,0,206.4402701
89.9572001,60.0,-0.592,0.819,0,196.7306847
90.26258157,46.70086263,-0.245,2.62,0,192.7742574
90.57296758,55.77197191,-0.263,1.837,0,188.4713587
90.88365308,60.0,-0.634,0.041,0,178.0707972
91.19433175,60.0,-0.226,0.552,0,174.3714339
91.49723955,38.57136649,0.593,3.841,0,183.8554762
91.8054203,40.49914076,0.044,3.484,0,184.5687435
92.11588957,60.0,0.03,0.116,0,185.0535188
92.4260761,60.0,0.011,0.222,0,185.2280991
92.73527591,60.0,0.496,0.538,0,193.3265561
93.04444215,60.0,0.308,0.538,0,198.3541022
93.35512765,60.0,0.53,0.0,0,207.0483256
93.66400744,56.03599647,0.342,1.82,0,212.6318149
93.97335389,60.0,-1.107,0.202,0,194.5548775
94.26833921,40.13870681,2.017,3.547,1,225.9640229
94.5789924,51.33094841,0.417,2.169,0,232.8003029
94.88961265,60.0,0.699,0.424,0,244.2661006
95.20027143,60.0,0.731,0.419,0,256.2536295
95.51095693,60.0,0.181,0.231,0,259.2267755
95.82154735,60.0,-0.278,0.301,0,254.6671733
96.13223285,60.0,0.521,0.069,0,263.2100348
96.44291649,60.0,1.3,0.044,0,284.5312751
96.50716874,60.0,0.92,0.044,0,287.6539861
96.81785424,60.0,0.73,0.0,0,299.6290483
97.12760582,60.0,-0.059,0.622,0,298.6582342
97.41742381,43.16115289,-0.019,3.067,0,298.3704462
97.72795831,60.0,1.821,1.162,0,328.2338111
98.03764713,60.0,1.379,1.162,0,350.7786019
98.34833263,60.0,0.177,0.377,0,353.68358
98.65901813,60.0,0.054,0.0,0,354.5696159
98.96970363,60.0,0.894,0.0,0,369.23501
99.28038913,60.0,1.249,0.37,0,389.7208893
99.58918443,60.0,1.371,0.977,0,412.0774823
99.89986993,60.0,1.638,0.799,0,438.9469816
100.2092356,60.0,0.779,1.357,0,451.6771267
100.5198969,60.0,1.131,0.863,0,470.2225431
100.828453,47.88079629,1.316,2.493,0,491.6631136
101.1322642,39.35880082,1.45,3.689,0,514.9289359
101.4380987,43.27780838,1.349,3.051,0,536.7158629
101.726244,37.7260405,2.718,4.015,1,578.0699567
102.017882,60.0,2.293,1.281,1,613.3731296
102.3140609,55.33361354,2.901,1.866,1,658.7334634
102.6021037,60.0,1.713,0.805,0,684.7810162
102.8963614,50.49033346,1.982,2.242,0,715.5703842
103.1970677,60.0,2.268,1.074,1,751.5871259
103.5057691,41.93264576,2.103,3.25,1,785.8581479
103.8025278,60.0,2.046,1.096,1,817.90961
104.0572955,60.0,2.398,1.525,1,850.1608229
104.3058359,51.78385919,2.8,2.131,1,886.909304
104.6086846,60.0,2.122,0.877,1,920.8363976
104.9193701,60.0,2.655,1.122,1,964.3878298
105.2187672,46.02386536,2.588,2.698,1,1005.299689
105.4608919,46.02386536,1.809,2.698,0,1028.431174
105.7713533,60.0,0.0,0.0,0,1028.431174
106.0818148,60.0,3.39,0.243,1,1084.004193
106.3887025,60.0,2.859,0.907,1,1130.32726
106.694926,60.0,2.286,1.041,1,1167.286638
106.9997594,60.0,2.223,0.243,1,1203.073243
107.2967617,60.0,2.406,1.094,1,1240.800126
107.5955044,51.9098527,2.007,2.121,1,1272.453069
107.8876954,43.06830623,2.348,3.081,1,1308.671753
108.1808918,60.0,1.976,0.331,0,1339.257003
108.4786926,56.52286496,1.094,1.789,0,1356.458064
108.7790913,60.0,1.572,0.626,0,1381.395764
109.0822396,60.0,0.029,0.775,0,1381.859343
109.3853213,59.06575281,0.845,1.638,0,1395.374973
109.6907227,60.0,1.043,1.257,0,1412.195991
109.9925114,41.13692253,1.348,3.377,0,1433.672395
110.3028334,55.29314003,-0.388,1.869,0,1427.318628
110.6130852,60.0,2.791,0.678,1,1473.038351
110.9170555,42.10952061,0.759,3.223,0,1485.212173
111.2047106,39.43932212,0.81,3.674,0,1497.516218
111.507591,51.37462353,2.298,2.165,1,1534.268597
111.801781,32.06703343,2.113,5.557,1,1567.084862
112.1116139,60.0,2.37,1.399,1,1605.861403
112.4169873,37.26373226,2.232,4.115,1,1641.848807
112.7193806,35.48772893,1.564,4.537,0,1666.826674
113.0300661,53.90458585,1.717,1.967,0,1694.987146
113.327801,60.0,1.53,1.56,0,1719.032261
113.6308051,60.0,0.364,0.994,0,1724.851968
113.9412589,60.0,0.055,1.163,0,1725.745642
113.9988504,60.0,0.467,1.163,0,1727.166608
114.3031619,60.0,-0.871,0.85,0,1713.179
114.5757903,60.0,0.194,0.85,0,1715.965196
114.8224485,26.38746865,-0.201,8.207,0,1713.35063
115.1138615,48.82310004,1.153,2.397,0,1731.099005
115.4105513,60.0,-1.911,0.545,0,1701.158625
115.7181952,50.90297659,2.057,2.205,1,1734.57971
116.0104856,56.43821846,0.673,1.794,0,1744.971933
116.3142428,60.0,-0.392,0.542,0,1738.692375
116.6150833,60.0,0.433,1.004,0,1745.56359
116.9194942,53.07863527,-0.003,2.028,0,1745.522443
117.2248142,45.80452848,-0.394,2.724,0,1739.175053
117.4993222,40.94273953,0.383,3.409,0,1744.727487
117.8021648,55.79126317,1.421,1.836,0,1767.456794
118.1119679,54.6212534,3.155,1.915,1,1819.070865
118.419846,60.0,1.392,0.443,0,1841.701433
118.7163388,44.05650705,3.557,2.944,1,1897.383528
119.0203533,60.0,1.309,0.38,0,1918.395155
119.3254259,58.75699945,1.237,1.655,0,1938.326427
119.6277329,39.13478259,1.726,3.731,0,1965.872661
119.9306208,51.30880512,3.258,2.171,1,2017.982956
120.2340648,34.69482991,0.472,4.747,0,2025.552834
120.524411,44.51659502,0.115,2.883,0,2027.321021
120.8147571,47.77977083,5.827,2.503,1,2116.651182
121.1193433,50.42527226,0.202,2.247,0,2119.901315
121.4228811,60.0,0.025,0.635,0,2120.30848
121.726419,58.78237109,5.818,1.654,1,2213.56022
122.0313469,49.30155959,2.274,2.351,1,2250.179217
122.3418248,60.0,1.931,1.05,0,2281.838727
122.6315179,34.99133079,0.47,4.667,0,2289.024875
122.9408961,60.0,0.873,0.898,0,2303.292871
123.2224641,29.97709202,0.104,6.359,0,2304.843367
123.525815,45.54794129,0.579,2.754,0,2314.121159
123.8260944,47.90224842,1.101,2.49,0,2331.579737
124.1367103,60.0,1.144,0.74,0,2350.339244
124.4436185,60.0,1.154,1.169,0,2369.043468
124.7510175,60.0,1.705,0.845,0,2396.724638
125.0608195,60.0,1.596,0.991,0,2422.832486
125.2990699,60.0,0.884,0.0,0,2433.95453
125.6097255,60.0,1.514,0.0,0,2458.790481
125.920411,60.0,2.175,0.037,1,2494.477754
126.2310493,60.0,1.517,0.56,0,2519.352718
126.5415472,60.0,1.259,0.265,0,2539.999088
126.8519344,60.0,0.163,0.368,0,2542.66806
127.1625658,60.0,1.882,0.103,0,2573.542768
127.4731737,60.0,0.791,0.278,0,2586.520103
127.7828606,55.50860062,-1.128,1.855,0,2568.08087
128.091093,60.0,0.34,0.894,0,2573.616842
128.3998273,60.0,-0.471,1.101,0,2565.935643
128.7102749,60.0,-1.386,0.617,0,2543.210256
129.0026604,29.1786218,-0.354,6.712,0,2537.741994
129.2933781,24.59525751,3.257,9.446,1,2587.73485
129.6020212,42.23365967,2.623,3.204,1,2630.472755
129.8555213,42.23365967,1.038,3.204,0,2644.359874
130.1305556,60.0,2.417,0.0,1,2679.464849
130.3648125,60.0,0.0,0.0,0,2679.464849
130.6739439,60.0,1.288,0.0,0,2700.495026
130.9817966,41.27043853,3.572,3.355,1,2758.549041
131.2849306,33.4922626,1.985,5.094,0,2790.32091
131.5758596,51.63314445,1.685,2.143,0,2816.211392
131.8856826,43.03894761,0.607,3.085,0,2826.136796
132.1848964,55.70895217,2.669,1.841,1,2868.310838
132.494825,54.00653632,3.441,1.959,1,2924.612912
132.7926022,60.0,0.991,1.19,0,2940.190808
133.0952372,43.27130425,1.436,3.052,0,2963.138807
133.398191,49.40845742,3.176,2.341,1,3013.947532
133.703414,57.47356482,1.232,1.73,0,3033.796281
134.0070873,40.40274462,1.728,3.501,0,3061.500717
134.3082889,55.96669196,3.176,1.824,1,3112.005057
134.6050662,46.77622014,0.712,2.612,0,3123.156444
134.9036132,60.0,0.181,1.462,0,3126.01394
135.1994082,30.38386279,2.479,6.19,1,3164.723329
135.5081706,42.95155749,2.652,3.097,1,3207.950532
135.8041613,34.48910498,2.535,4.804,1,3247.567795
136.0883956,39.49653781,0.525,3.663,0,3255.442591
136.3375558,54.95287631,0.076,1.892,0,3256.438349
136.5867159,60.0,6.7,1.421,1,3344.587686
136.8547263,31.08435893,2.523,5.914,1,3380.28428
137.1546502,60.0,0.138,0.799,0,3382.463747
137.4647075,55.74663025,2.066,1.839,1,3416.279378
137.7745393,60.0,-0.589,0.57,0,3406.645992
138.0842331,60.0,2.267,1.304,1,3443.719492
138.3930234,60.0,3.282,1.255,1,3497.228418
138.6975685,44.12861988,1.523,2.934,0,3521.72081
139.0040964,31.05908987,2.424,5.924,1,3560.955912
139.3135317,60.0,1.996,0.606,0,3593.569844
139.6062192,47.79689465,1.064,2.501,0,3610.011034
139.9085957,32.48451142,3.104,5.415,1,3659.56503
140.1738137,34.43258037,2.896,4.82,1,3700.125636
140.4542421,54.68463865,2.917,1.911,1,3743.317731
140.7567609,46.14524712,1.679,2.684,0,3770.130715
141.0462801,51.2049252,2.997,2.179,1,3815.951522
141.339277,47.04071071,0.606,2.582,0,3825.325089
141.6321301,60.0,0.021,0.522,0,3825.648247
141.9249832,29.64634123,3.396,6.502,1,3878.160317
142.1306432,44.7896177,0.114,2.848,0,3879.397549
142.3363032,28.66259549,0.278,6.956,0,3882.418716
142.5419633,46.45491724,0.106,2.648,0,3883.568834
142.7476233,29.47344917,0.263,6.578,0,3886.426055
142.9532833,56.36933346,0.072,1.798,0,3887.207179
143.1589433,42.11250041,0.129,3.222,0,3888.606713
143.3646034,60.0,0.022,0.559,0,3888.849484
143.5702634,28.74330082,0.277,6.917,0,3891.853709
143.7759234,25.45741415,0.353,8.817,0,3895.683519
143.9815835,60.0,0.039,0.982,0,3896.109941
144.1872435,29.87693962,0.256,6.402,0,3898.890509
144.3929035,60.0,0.059,1.474,0,3899.530638
144.5985635,60.0,0.033,0.824,0,3899.888558
144.8042236,34.88979422,0.188,4.694,0,3901.927519
145.0098836,37.40950922,0.163,4.083,0,3903.701062
145.2155436,54.21247148,0.078,1.944,0,3904.545577
145.4212037,28.60504211,0.279,6.984,0,3907.578914
145.6268637,38.24119843,0.156,3.907,0,3909.276152
145.8325237,53.74167709,0.079,1.979,0,3910.135528
146.0381837,32.41533513,0.218,5.438,0,3912.497663
146.2438438,60.0,0.009,0.213,0,3912.589971
146.4495038,60.0,0.027,0.681,0,3912.885805
146.6551638,32.23785752,1.018,5.498,0,3923.936419
146.9471076,60.0,2.239,1.105,1,3958.443017
147.2157206,60.0,3.39,1.289,1,4006.516664
147.498977,57.285017,2.671,1.741,1,4046.469138
147.7469848,22.30732471,3.912,11.483,1,4097.693966
148.0251701,25.63829369,-0.347,8.693,0,4092.598098
148.318254,28.08399445,3.646,7.245,1,4149.018443
148.5661102,22.58354846,2.338,11.204,1,4179.621012
148.8389197,60.0,0.026,0.64,0,4179.989623
149.1117292,35.70035273,5.363,4.483,1,4257.24479
149.408693,35.74893267,3.447,4.471,1,4311.295849
149.7107427,53.22923708,1.977,2.017,0,4342.831755
150.0051812,38.86964941,0.567,3.782,0,4351.646964
150.2935682,60.0,3.34,1.413,1,4402.507306
150.5998121,59.03754754,2.44,1.639,1,4441.953513
150.9062188,58.03472761,2.554,1.697,1,4483.274538
151.2136334,60.0,1.91,0.16,0,4514.283916
151.5235143,47.8763642,0.306,2.493,0,4519.29476
151.8300832,60.0,3.025,0.385,1,4568.264405
152.129323,57.47008857,1.834,1.73,0,4597.244966
152.4380941,60.0,0.123,1.518,0,4599.252044
152.7431506,56.42247088,2.703,1.795,1,4642.796946
153.0473838,42.51188299,1.303,3.162,0,4663.726195
153.3541055,60.0,1.062,0.019,0,4680.930311
153.6569549,60.0,3.071,0.298,1,4730.037927
153.9661647,60.0,2.307,1.114,1,4767.707579
154.2765501,60.0,0.406,0.6,0,4774.367628
154.5866241,60.0,2.14,0.84,1,4809.399331
154.8918627,60.0,2.192,0.705,1,4844.72944
155.2023487,60.0,2.138,0.114,1,4879.778096
155.5116945,60.0,0.061,0.531,0,4880.781226
155.8101527,53.98974916,2.618,1.96,1,4922.04317
156.1202504,60.0,3.091,0.84,1,4972.658598
156.4303698,60.0,2.301,1.266,1,5010.331688
156.7407757,60.0,2.088,0.249,1,5044.550353
157.0503675,60.0,1.499,0.195,0,5069.054335
157.3433297,60.0,-0.928,1.139,0,5054.700257
157.6436594,60.0,2.184,0.399,1,5089.336387
157.9166917,36.44187016,0.347,4.303,0,5094.343871
158.2180517,50.01611764,1.877,2.284,0,5124.209792
158.5267985,60.0,1.369,0.453,0,5146.519416
158.820853,48.46793862,1.906,2.433,0,5176.114086
159.130238,60.0,2.014,1.284,1,5209.006843
159.4391985,60.0,0.459,0.368,0,5216.497738
159.7476005,55.62752776,2.915,1.847,1,5263.960368
160.0451353,60.0,-0.031,1.412,0,5263.469402
160.3162724,37.64756973,3.299,4.032,1,5310.692803
160.6244967,60.0,2.098,1.44,1,5344.832089
160.88301,30.22262305,2.524,6.256,1,5379.284484
161.02256,30.22262305,2.227,6.256,1,5395.695241
161.3276643,60.0,2.99,0.0,1,5443.857957
161.633134,35.63043893,-0.243,4.501,0,5439.937712
161.7394146,35.63043893,-0.241,4.501,0,5438.585847
162.049378,56.61601493,-0.191,1.783,0,5435.454994
162.3591389,56.61601493,-0.757,1.783,0,5423.071412
162.6583527,48.27581534,-1.212,2.452,0,5403.918771
162.9629556,54.5769232,-0.074,1.918,0,5402.725111
163.2712308,51.12273854,-2.323,2.186,0,5364.909807
163.5805499,55.25307448,1.314,1.872,0,5386.375367
163.8818303,52.61014012,-1.266,2.065,0,5366.232355
164.1906424,60.0,0.346,1.056,0,5371.875141
164.4969541,60.0,-3.072,0.347,0,5322.197822
164.7976075,60.0,0.146,0.141,0,5324.518428
165.0987127,47.4369072,0.403,2.539,0,5330.923337
165.4042626,33.09934382,-0.999,5.216,0,5314.801038
165.7122551,46.51184053,-0.572,2.641,0,5305.4956
166.0222533,60.0,-0.791,1.32,0,5292.54764
166.3315022,52.19518916,-1.053,2.097,0,5275.348037
166.6409711,60.0,-0.999,0.064,0,5259.018311
166.9480147,60.0,-0.918,1.129,0,5244.133925
167.2517663,48.38425348,-0.086,2.441,0,5242.747079
167.5519724,60.0,-2.434,0.569,0,5204.164286
167.8593398,60.0,-1.584,1.386,0,5178.45664
168.1647499,60.0,-0.501,1.059,0,5170.379741
168.4753415,60.0,-0.262,0.259,0,5166.087391
168.7691021,32.54737779,-1.665,5.394,0,5140.267437
169.0778042,39.79453868,-0.985,3.608,0,5124.214533
169.3841345,60.0,-0.632,0.025,0,5113.994679
169.6939408,60.0,-0.801,0.082,0,5100.892208
170.0035849,60.0,0.165,1.323,0,5103.59448
170.3127586,43.44853437,-0.657,3.027,0,5092.874185
170.5990907,60.0,-1.45,0.699,0,5070.9544
170.897501,60.0,-0.203,1.068,0,5067.756237
171.2045428,60.0,-0.469,1.433,0,5060.155556
171.5067627,60.0,0.304,1.129,0,5065.010078
171.7857626,27.92103502,-2.117,7.33,0,5033.830539
172.0701498,29.69013702,0.353,6.482,0,5039.134812
172.3766622,60.0,0.155,0.49,0,5041.649909
172.6754696,45.56879412,-0.008,2.752,0,5041.51648
172.9858432,50.7714012,0.033,2.217,0,5042.050968
173.2930943,48.38456002,-0.446,2.441,0,5034.80944
173.6004325,41.45511101,-0.763,3.325,0,5022.433647
173.9040449,42.61656113,-1.659,3.146,0,4995.842254
174.2146136,60.0,-0.362,1.394,0,4989.899711
174.5221892,60.0,0.664,0.038,0,5000.685276
174.8218913,59.06297868,-1.187,1.638,0,4981.905857
175.1235968,60.0,-1.131,0.037,0,4963.885001
175.4299513,29.47791033,0.837,6.576,0,4977.42465
175.7181258,32.39170931,-2.609,5.446,0,4937.727549
176.0172414,35.51810153,0.46,4.53,0,4944.985384
176.2937614,23.46923532,0.249,10.374,0,4948.616335
176.6020428,50.71513766,-0.883,2.222,0,4934.249223
176.8949987,30.3514092,-0.165,6.203,0,4931.689547
177.2006213,30.92268043,-0.306,5.976,0,4926.75423
177.4916789,38.81242738,-0.482,3.793,0,4919.341949
177.7784901,37.87613841,-1.604,3.983,0,4895.048715
178.072237,32.45727374,0.928,5.424,0,4909.437489
178.3823341,60.0,-1.244,0.664,0,4889.071569
178.691972,60.0,-0.767,1.336,0,4876.526601
179.0026469,60.0,-1.632,0.558,0,4849.760231
179.3133324,60.0,-0.296,0.055,0,4844.907836
179.6238831,60.0,-0.087,0.819,0,4843.47637
179.9333848,60.0,0.362,1.461,0,4849.385634
180.2440523,60.0,-0.419,0.329,0,4842.515174
180.5529539,60.0,-0.627,0.963,0,4832.284073
180.8636394,60.0,-1.282,0.602,0,4811.255125
181.1743249,60.0,-0.32,0.0,0,4806.005839
181.4850104,60.0,-1.978,0.0,0,4773.558358
181.7956959,60.0,-0.794,0.897,0,4760.531605
182.1056854,60.0,-1.368,1.13,0,4738.141705
182.4158732,60.0,-1.763,0.137,0,4709.261705
182.7193757,60.0,-1.895,1.056,0,4678.902051
183.0258582,43.19395054,-1.544,3.063,0,4653.916066
183.3340123,60.0,-1.032,0.323,0,4637.13134
183.6399989,46.60073421,-1.67,2.631,0,4610.157294
183.9506236,60.0,-1.622,0.152,0,4583.55098
184.2593113,60.0,-2.498,1.059,0,4542.836959
184.5562677,60.0,-1.932,1.183,0,4512.541926
184.8618175,60.0,-1.203,0.329,0,4493.134704
185.1705718,60.0,-0.99,1.517,0,4476.997749
185.4812573,60.0,-1.702,0.211,0,4449.084764
185.7891286,54.98562918,-1.293,1.89,0,4428.069605
186.0996619,60.0,-1.838,1.569,0,4397.930939
186.4103474,60.0,0.102,0.041,0,4399.598173
186.7210329,60.0,-1.78,0.144,0,4370.394712
187.0302724,29.90417536,0.682,6.39,0,4381.523464
187.2527854,20.02732424,-2.778,14.247,0,4348.881434
187.5634709,37.46940061,-0.315,4.07,0,4343.710918
187.8738215,60.0,-1.6,0.647,0,4317.494461
188.1843864,60.0,-2.533,0.261,0,4275.96593
188.4817715,50.07138652,-0.962,2.279,0,4260.862016
188.7914995,55.57943742,-2.205,1.85,0,4224.801751
189.0945353,58.67792973,-1.808,1.66,0,4195.877068
189.3248073,24.82040811,0.072,9.276,0,4196.746403
189.6323083,31.42886619,-1.781,5.785,0,4167.82628
189.9400621,54.21748788,-3.024,1.944,0,4118.696111
190.2443655,56.23321992,-0.41,1.807,0,4112.114718
190.5509015,60.0,-1.88,1.046,0,4081.689819
190.8549576,60.0,-2.132,1.567,0,4047.459687
191.1451534,60.0,-2.273,1.357,0,4012.628576
191.4510817,39.84139762,-0.908,3.6,0,3997.959813
191.7550937,60.0,-2.225,0.685,0,3962.244522
192.0579723,56.40223721,-2.359,1.796,0,3924.515611
192.3365925,39.35483132,-0.446,3.689,0,3917.959642
192.6472227,43.22762068,-3.114,3.058,0,3866.88188
192.9579082,60.0,0.002,0.044,0,3866.910908
193.2685937,60.0,0.0,0.0,0,3866.911164
193.5792792,60.0,0.0,0.0,0,3866.911434
193.8899647,60.0,0.0,0.001,0,3866.911764
194.2006502,60.0,0.0,0.0,0,3866.912036
194.5113357,60.0,-0.119,0.028,0,3864.959949
194.8172093,60.0,0.046,1.138,0,3865.69514
195.1230829,60.0,4.673,0.97,1,3941.157511
195.4321249,60.0,-0.206,1.124,0,3937.789954
195.7363954,60.0,0.24,0.376,0,3941.640769
196.0435453,60.0,2.192,0.592,1,3977.195434
196.3541277,60.0,1.952,0.596,0,4009.213964
196.6641775,60.0,1.614,1.56,0,4035.629261
196.9697609,46.94543412,2.57,2.593,1,4077.099234
197.2804203,60.0,1.83,1.405,0,4107.122299
197.5863063,60.0,0.782,0.25,0,4119.751115
197.8951812,46.33543471,1.766,2.662,0,4148.554284
198.2042281,60.0,1.536,0.753,0,4173.619031
198.5146974,60.0,1.98,1.36,0,4206.072546
198.8144393,60.0,0.719,1.586,0,4217.444152
199.1180474,50.42072939,0.358,2.248,0,4223.183339
199.4261877,49.89883465,2.99,2.295,1,4271.822557
199.7359884,60.0,1.629,0.048,0,4298.461774
200.0458046,60.0,0.662,0.797,0,4309.285259
200.3556096,60.0,2.734,0.863,1,4354.01021
200.6478733,60.0,1.497,0.921,0,4377.118121
200.9451391,54.29126355,0.084,1.939,0,4378.433687
201.2458224,60.0,0.209,0.784,0,4381.753048
201.5297759,29.54738664,3.29,6.545,1,4431.085087
201.8403669,47.4033459,2.45,2.543,1,4471.270253
202.1468619,46.37195268,0.779,2.657,0,4483.882797
202.4125235,34.25522288,2.124,4.87,1,4513.682034
202.7221141,60.0,2.463,1.569,1,4553.94706
203.0307528,47.4906433,0.675,2.534,0,4564.948995
203.3395686,60.0,2.324,0.96,1,4602.845437
203.646332,60.0,1.597,0.214,0,4628.705823
203.9519459,60.0,2.373,1.389,1,4667.003863
204.2608499,60.0,0.856,1.273,0,4680.957454
204.5589148,34.29864908,2.256,4.857,1,4716.462775
204.8631181,48.29784457,0.435,2.45,0,4723.450013
205.1521178,44.52538166,3.128,2.882,1,4771.173857
205.4602836,47.00315919,2.323,2.586,1,4808.979289
205.7699327,60.0,0.577,0.377,0,4818.411882
206.0755739,46.60571681,1.536,2.631,0,4843.20719
206.3454788,28.38552856,2.602,7.092,1,4880.287948
206.4347499,60.0,2.311,0.0,1,4891.180333
206.7408012,60.0,-2.348,0.374,0,4853.232919
207.0492436,60.0,-1.035,0.374,0,4836.383187
207.3001085,60.0,-2.222,0.0,0,4806.954062
207.6033568,60.0,-1.113,0.0,0,4789.139106
207.9015925,60.0,0.263,1.104,0,4793.279449
208.2122637,58.05984678,-0.854,1.695,0,4779.267038
208.5229175,60.0,-0.164,0.362,0,4776.584904
208.8334644,60.0,-0.867,0.272,0,4762.360618
209.1436914,60.0,0.373,0.963,0,4768.470316
209.4542694,60.0,-0.109,0.968,0,4766.677377
209.7649505,60.0,-0.551,0.919,0,4757.634712
210.0684399,40.698605,-0.554,3.45,0,4748.756739
210.3763429,43.1097022,-0.66,3.075,0,4738.026577
210.6858143,49.51956425,-1.334,2.33,0,4716.222892
210.9945661,60.0,-3.342,1.475,0,4661.738515
211.3036801,60.0,-0.69,0.496,0,4650.480951
211.6143607,60.0,-0.748,1.01,0,4638.21744
211.9210948,42.04419239,0.231,3.233,0,4641.952001
212.2303058,60.0,-0.315,0.757,0,4636.803627
212.5380224,49.40009291,0.229,2.342,0,4640.523566
212.8485793,60.0,-2.824,0.984,0,4594.220402
213.1591312,60.0,0.783,1.023,0,4607.063341
213.4604651,39.25588311,-0.144,3.708,0,4604.764454
213.768227,43.94505006,-2.252,2.959,0,4568.170723
214.0786112,60.0,-1.279,1.012,0,4547.213653
214.1728912,60.0,-0.566,1.012,0,4544.396869
214.4769187,60.0,-0.873,0.0,0,4530.387687
214.7875974,60.0,0.016,1.26,0,4530.656749
215.090407,60.0,-1.819,0.91,0,4501.57982
215.3817238,60.0,1.942,1.477,0,4531.458173
215.6923608,58.56497461,-0.275,1.666,0,4526.940971
216.0030395,60.0,-1.525,0.626,0,4501.925144
216.3115266,52.48592636,-0.723,2.074,0,4490.15326
216.6213838,60.0,-0.374,0.63,0,4484.036363
216.9271971,60.0,-1.039,1.396,0,4467.254506
217.234808,60.0,-1.026,0.153,0,4450.588949
217.5454935,60.0,-0.524,0.46,0,4441.999545
217.8561778,60.0,0.037,0.775,0,4442.606456
218.162628,42.66932716,-0.018,3.139,0,4442.308408
218.4704745,60.0,-1.076,0.406,0,4424.822781
218.7777524,50.47690118,0.385,2.243,0,4431.068271
219.0884335,60.0,-1.262,0.309,0,4410.372318
219.3990973,60.0,-0.644,0.449,0,4399.807651
219.7093105,60.0,0.158,0.689,0,4402.391465
220.0199929,60.0,-0.634,0.249,0,4391.990409
220.3306778,60.0,-0.722,0.007,0,4380.151153
220.641362,60.0,-0.72,0.001,0,4368.340861
220.9520432,60.0,-1.296,0.007,0,4347.085731
221.2627275,60.0,0.298,0.001,0,4351.974544
221.3060465,60.0,0.33,0.001,0,4352.729188
221.6165921,60.0,-0.316,0.0,0,4347.545462
221.9272267,60.0,-0.194,0.45,0,4344.363216
222.2376245,60.0,-0.323,0.889,0,4339.073168
222.5479608,60.0,-0.809,0.838,0,4325.810145
222.8586245,60.0,-1.225,0.383,0,4305.720275
223.1692765,60.0,-0.477,0.021,0,4297.893053
223.4799613,60.0,-0.581,0.019,0,4288.358572
223.7906468,60.0,-0.168,0.0,0,4285.602854
224.1013323,60.0,-0.58,0.001,0,4276.088893
224.4120178,60.0,-0.1,0.01,0,4274.45514
224.7227033,60.0,-0.536,0.0,0,4265.662727
225.0333876,60.0,-0.003,0.013,0,4265.605953
225.3440731,60.0,0.0,0.003,0,4265.607799
225.6547586,60.0,0.0,0.006,0,4265.611866
225.9654335,60.0,0.001,0.037,0,4265.63635
226.2760643,60.0,0.001,0.037,0,4265.660832
226.586743,60.0,-1.242,0.0,0,4245.286822
226.8974285,60.0,1.743,0.035,0,4273.886024
227.208114,60.0,-0.046,0.0,0,4273.13149
227.5187995,60.0,0.194,0.0,0,4276.313966
227.829485,60.0,0.074,0.0,0,4277.527929
228.1401705,60.0,0.85,0.0,0,4291.471558
228.450856,60.0,0.054,0.0,0,4292.357447
228.7615415,60.0,0.332,0.0,0,4297.803699
229.072227,60.0,0.685,0.418,0,4309.035941
229.381131,60.0,0.567,1.107,0,4318.288205
229.6918134,60.0,-0.479,0.172,0,4310.428779
230.000495,55.36060474,-0.807,1.864,0,4297.274233
230.3099862,59.2175404,-0.844,1.63,0,4283.477165
230.6206717,60.0,-1.035,0.281,0,4266.502834
230.9313572,60.0,-0.139,0.221,0,4264.220122
231.2411567,60.0,0.779,1.527,0,4276.964321
231.5497537,55.73088704,-0.321,1.84,0,4271.732978
231.8604392,60.0,-0.437,0.563,0,4264.556593
232.1710788,60.0,0.644,0.002,0,4275.122116
232.4817643,60.0,0.723,0.035,0,4286.988841
232.7924498,60.0,0.722,0.0,0,4298.832735
233.1031353,60.0,0.879,0.52,0,4313.248436
233.4118088,59.33011616,0.884,1.623,0,4327.659741
233.7222811,60.0,-0.111,1.12,0,4325.835011
234.0329666,60.0,-0.519,0.026,0,4317.321798
234.3436521,60.0,-1.42,0.0,0,4294.027878
234.6543376,60.0,-0.604,0.0,0,4284.119778
234.9650231,60.0,-0.132,0.0,0,4281.954463
235.2757086,60.0,-0.48,0.0,0,4274.080492
235.5863941,60.0,-0.274,0.0,0,4269.585783
235.8970796,60.0,-0.153,0.37,0,4267.072653
236.2062335,60.0,-0.042,1.317,0,4266.390328
236.516832,60.0,-0.865,0.981,0,4252.204391
236.8275175,60.0,0.578,0.041,0,4261.679787
237.138203,60.0,0.11,0.0,0,4263.48425
237.4488885,60.0,0.328,0.0,0,4268.864828
237.759574,60.0,-0.17,0.0,0,4266.076117
238.0702595,60.0,-0.252,0.0,0,4261.942261
238.380945,60.0,-0.062,0.0,0,4260.925203
238.6916305,60.0,-0.057,0.033,0,4259.995568
239.0022812,60.0,-0.246,0.005,0,4255.96317
239.3129623,60.0,-0.843,0.031,0,4242.138695
239.6236478,60.0,-0.886,0.003,0,4227.606469
239.9343333,60.0,0.156,0.0,0,4230.165525
240.2450188,60.0,-0.122,0.003,0,4228.166444
240.5557043,60.0,-0.431,0.015,0,4221.089888
240.8663662,60.0,-0.672,0.196,0,4210.063913
241.1769051,60.0,-1.002,0.323,0,4193.641696
241.4875906,60.0,0.25,0.138,0,4197.734909
241.7982761,60.0,0.562,0.0,0,4206.954073
242.1089616,60.0,0.636,0.0,0,4217.387149
242.4196471,60.0,-0.59,0.0,0,4207.708682
242.7303326,60.0,-0.602,0.0,0,4197.833364
243.0410181,60.0,0.894,0.0,0,4212.498719
243.3517036,60.0,-0.062,0.0,0,4211.481666
243.6623891,60.0,-0.232,0.0,0,4207.675929
243.9730746,60.0,-0.608,0.0,0,4197.702255
244.2837601,60.0,0.652,0.305,0,4208.400906
244.5931885,60.0,0.61,1.203,0,4218.373176
244.9037808,60.0,-1.165,0.846,0,4199.27607
245.2142948,60.0,-0.962,0.764,0,4183.50399
245.524638,60.0,-0.534,0.857,0,4174.748117
245.8353235,60.0,-1.456,0.14,0,4150.856807
246.146009,60.0,-0.22,0.0,0,4147.247898
246.4566945,60.0,-0.112,0.0,0,4145.410645
246.76738,60.0,-0.204,0.059,0,4142.070193
247.0779548,60.0,0.51,0.594,0,4150.432113
247.3884558,60.0,-0.66,0.608,0,4139.610333
247.6991413,60.0,-0.497,0.073,0,4131.456263
248.0098268,60.0,-0.626,0.0,0,4121.187238
248.3205123,60.0,-1.216,0.0,0,4101.239739
248.6311978,60.0,-0.036,0.0,0,4100.64919
248.8429231,60.0,1.194,0.0,0,4114.002206
249.1530904,60.0,1.052,0.0,0,4131.22661
249.4635249,60.0,-1.992,0.785,0,4098.572064
249.7739482,60.0,1.453,0.901,0,4122.391194
249.9267713,60.0,0.166,0.901,0,4123.731911
250.2374561,60.0,0.6,0.0,0,4133.574428
250.5481323,60.0,-0.06,0.689,0,4132.583159
250.857813,60.0,-0.24,0.877,0,4128.661878
251.1684985,60.0,-0.276,0.2,0,4124.134586
251.479184,60.0,-0.63,0.008,0,4113.804952
251.7898695,60.0,0.912,0.0,0,4128.765589
252.100555,60.0,0.306,0.0,0,4133.785284
252.4112405,60.0,-0.35,0.0,0,4128.043827
252.721926,60.0,-0.842,0.0,0,4114.231509
253.0326115,60.0,-0.028,0.0,0,4113.772201
253.343297,60.0,0.098,0.0,0,4115.37982
253.6539825,60.0,0.276,0.291,0,4119.901549
253.9626647,50.49497202,0.104,2.241,0,4121.592278
254.2717732,51.12246247,0.323,2.186,0,4126.858252
254.5824587,60.0,0.005,0.236,0,4126.94749
254.8931399,60.0,-0.597,0.226,0,4117.154742
255.2036955,60.0,0.009,0.326,0,4117.302976
255.5143797,60.0,-1.764,0.108,0,4088.371013
255.8250652,60.0,-0.654,0.004,0,4077.645172
256.1357507,60.0,0.602,0.089,0,4087.513194
256.4461672,60.0,1.261,1.038,0,4108.174021
256.7561822,60.0,1.454,1.125,0,4131.974668
257.0668677,60.0,-1.371,0.174,0,4109.483873
257.3775532,60.0,0.07,0.0,0,4110.632232
257.6882387,60.0,0.478,0.0,0,4118.473458
257.9989242,60.0,0.095,0.128,0,4120.033541
258.3091685,60.0,-0.319,0.876,0,4114.800459
258.6197546,60.0,-0.893,0.622,0,4100.149349
258.9298194,60.0,0.055,1.012,0,4101.041848
259.2403035,60.0,-0.726,0.919,0,4089.1448
259.5509033,60.0,-0.303,1.089,0,4084.183107
259.8600012,60.0,0.039,1.434,0,4084.82384
260.1706867,60.0,-0.098,0.304,0,4083.218762
260.4813722,60.0,0.752,0.0,0,4095.554752
260.7920577,60.0,0.496,0.0,0,4103.691261
261.1027432,60.0,1.8,0.0,0,4133.218814
261.4134287,60.0,0.637,0.064,0,4143.660989
261.7239539,60.0,1.077,1.105,0,4161.314989
262.0330555,60.0,1.337,1.412,0,4183.135593
262.343741,60.0,0.43,0.347,0,4190.187676
262.6544135,60.0,-0.258,1.141,0,4185.949396
262.9608357,51.56332514,0.082,2.149,0,4187.274674
263.2715026,60.0,0.038,1.004,0,4187.900866
263.5821881,60.0,0.192,0.009,0,4191.056401
263.8928736,60.0,0.212,0.0,0,4194.534097
264.2035591,60.0,-0.391,0.287,0,4188.127849
264.5136798,60.0,-0.108,0.549,0,4186.354692
264.8243653,60.0,-1.042,0.261,0,4169.268639
265.1350508,60.0,-0.485,0.219,0,4161.308573
265.4448465,60.0,-0.123,1.546,0,4159.301534
265.7531764,52.37261584,-1.525,2.083,0,4134.477074
266.0638587,60.0,-1.38,0.744,0,4111.835572
266.3745411,60.0,-0.702,0.605,0,4100.323212
266.6830332,57.59091285,-0.56,1.723,0,4091.209509
266.9935292,60.0,-0.509,1.177,0,4082.86058
267.3042147,60.0,-0.519,0.07,0,4074.343466
267.6149002,60.0,0.004,0.0,0,4074.409088
267.9255857,60.0,-0.644,0.0,0,4063.844792
268.2362712,60.0,-0.472,0.0,0,4056.10202
268.5469567,60.0,-0.144,0.0,0,4053.739821
268.8576422,60.0,-0.472,0.0,0,4045.997049
269.1683277,60.0,-0.06,0.0,0,4045.012804
269.4790132,60.0,-0.672,0.002,0,4033.990566
269.7896968,60.0,-0.099,0.278,0,4032.368641
270.1002133,60.0,-1.097,0.345,0,4014.386324
270.4108988,60.0,-0.285,0.069,0,4009.707101
270.7215843,60.0,-0.75,0.007,0,3997.408396
271.0322549,60.0,-0.761,0.964,0,3984.91731
271.3395987,59.17624483,-1.111,1.632,0,3966.882046
271.6502842,60.0,-0.414,0.657,0,3960.095621
271.9609697,60.0,1.006,0.0,0,3976.598311
272.2716552,60.0,0.024,0.7,0,3976.992062
272.5787485,58.37957314,0.069,1.677,0,3978.112308
272.8894253,60.0,-0.089,0.965,0,3976.645827
273.2001108,60.0,-0.472,0.008,0,3968.908263
273.5107963,60.0,-0.004,0.0,0,3968.842651
273.8214818,60.0,1.221,0.072,0,3988.869984
274.1319592,60.0,0.854,1.025,0,4002.862005
274.4415194,60.0,0.453,1.235,0,4010.263696
274.7522049,60.0,0.069,0.278,0,4011.397551
275.0628904,60.0,-0.012,0.0,0,4011.200703
275.3735759,60.0,-0.26,0.362,0,4006.943615
275.6828714,60.0,-0.348,0.841,0,4001.259622
275.9935569,60.0,-1.347,0.435,0,3979.169495
276.3041224,60.0,-1.383,0.881,0,3956.486137
276.613861,60.0,-1.321,1.067,0,3934.874282
276.9245465,60.0,1.087,0.224,0,3952.704811
277.235232,60.0,-0.47,0.0,0,3944.99484
277.5459175,60.0,-0.122,0.0,0,3942.993528
277.856603,60.0,-0.052,0.0,0,3942.14051
278.1672885,60.0,0.152,0.0,0,3944.633948
278.477974,60.0,0.514,0.012,0,3953.073726
278.7886502,60.0,1.237,0.565,0,3973.359369
279.0983874,60.0,0.835,0.921,0,3987.01985
279.4090729,60.0,1.647,0.365,0,4014.0313
279.7197584,60.0,1.176,0.0,0,4033.32265
280.0304439,60.0,0.976,0.0,0,4049.333161
280.3411294,60.0,0.115,0.026,0,4051.220547
280.6517913,60.0,0.218,1.202,0,4054.798103
280.9589437,59.99568245,-0.248,1.588,0,4050.775452
281.2684778,60.0,-0.929,1.104,0,4035.58486
281.5764156,51.21146332,-1.061,2.179,0,4018.333934
281.8871011,60.0,-0.585,0.666,0,4008.731824
282.1977866,60.0,1.249,0.732,0,4029.225034
282.5048309,58.66985834,-0.771,1.66,0,4016.718892
282.8155164,60.0,-1.568,1.161,0,3991.00415
283.1252238,60.0,2.259,0.856,1,4027.948377
283.4359093,60.0,1.056,0.601,0,4045.272063
283.7465948,60.0,1.014,0.0,0,4061.905929
284.0572803,60.0,0.768,0.041,0,4074.498764
284.3540695,60.0,-0.637,0.041,0,4064.51821
284.663475,60.0,0.03,0.0,0,4065.010336
284.9741605,60.0,-1.384,0.456,0,4042.311064
285.2842799,60.0,-0.248,0.001,0,4038.243218
285.5949654,60.0,-0.86,0.04,0,4024.128902
285.9056509,60.0,1.142,0.0,0,4042.862492
286.2163364,60.0,0.542,0.0,0,4051.753566
286.5270219,60.0,-0.994,0.406,0,4035.451496
286.8356177,59.60374628,-0.733,1.608,0,4023.507706
287.1462343,60.0,0.035,1.233,0,4024.087167
287.4569198,60.0,-1.185,0.024,0,4004.64722
287.7675841,60.0,-1.215,0.568,0,3984.711496
288.0778831,60.0,-0.584,0.661,0,3975.138038
288.3885686,60.0,0.545,0.019,0,3984.074348
288.6990199,60.0,-0.097,0.532,0,3982.487377
289.0096755,60.0,-0.483,0.464,0,3974.556844
289.320361,60.0,-0.088,0.01,0,3973.119813
289.6310273,60.0,1.028,0.898,0,3989.981742
289.9400307,60.0,0.807,1.212,0,4003.141551
290.2507162,60.0,1.465,0.068,0,4027.168852
290.560671,60.0,-0.602,0.893,0,4017.320585
290.8713366,60.0,-0.772,0.656,0,4004.660651
291.1820221,60.0,-1.625,0.019,0,3977.999597
291.4927076,60.0,1.226,0.0,0,3998.111141
291.8033931,60.0,1.084,0.0,0,4015.893289
292.1140786,60.0,-1.022,0.0,0,3999.128239
292.4247641,60.0,-1.126,0.0,0,3980.657156
292.7354496,60.0,0.114,0.0,0,3982.527242
293.0461351,60.0,-0.251,0.183,0,3978.415292
293.3561408,60.0,1.16,1.285,0,3997.399409
293.66642,60.0,0.701,0.599,0,4008.881424
293.9760212,60.0,1.925,0.764,0,4040.352095
294.2867067,60.0,1.17,0.255,0,4059.548485
294.5973791,60.0,0.091,0.683,0,4061.046419
294.9068244,60.0,0.084,1.587,0,4062.411846
295.2165735,60.0,-1.213,1.332,0,4042.580985
295.527259,60.0,-1.187,0.423,0,4023.108207
295.8379445,60.0,-0.084,0.0,0,4021.730275
296.14863,60.0,-1.142,0.0,0,4002.996704
296.4593155,60.0,-0.614,0.0,0,3992.924556
296.770001,60.0,-0.206,0.0,0,3989.545316
297.0806865,60.0,0.122,0.0,0,3991.546651
297.391372,60.0,-0.37,0.0,0,3985.477124
297.7020575,60.0,-0.156,0.0,0,3982.918092
298.012743,60.0,0.0,0.0,0,3982.91812
298.3234285,60.0,-0.708,0.0,0,3971.303981
298.634114,60.0,-0.508,0.0,0,3962.970666
298.9447995,60.0,-0.004,0.0,0,3962.905061
299.255485,60.0,0.22,0.0,0,3966.514013
299.5661705,60.0,1.22,0.357,0,3986.531432
299.8749651,60.0,0.149,1.272,0,3988.96867
300.1856221,60.0,-1.193,0.922,0,3969.396635
300.4963076,60.0,0.265,0.014,0,3973.736782
300.8069931,60.0,-1.169,0.024,0,3954.559606
301.1174598,60.0,-0.858,0.026,0,3940.501707
301.4281416,60.0,0.323,0.022,0,3945.798421
301.7388271,60.0,-0.681,0.028,0,3934.628828
302.0495126,60.0,1.268,0.0,0,3955.429348
302.3601981,60.0,-0.052,0.0,0,3954.57633
302.6708836,60.0,-0.01,0.0,0,3954.412288
302.9815691,60.0,-1.816,0.0,0,3924.622271
303.2922546,60.0,0.61,0.0,0,3934.62883
303.6029401,60.0,0.622,0.0,0,3944.832238
303.9136256,60.0,0.53,0.0,0,3953.526462
304.2243111,60.0,0.066,0.0,0,3954.60914
304.5349966,60.0,0.013,0.328,0,3954.824516
304.8447904,60.0,0.644,0.709,0,3965.360425
305.1554759,60.0,0.621,0.379,0,3975.54973
305.4661614,60.0,1.09,0.0,0,3993.43031
305.7768469,60.0,0.952,0.0,0,4009.047111
306.0875324,60.0,-0.164,0.0,0,4006.356831
306.3982179,60.0,-0.044,0.002,0,4005.636463
306.7089034,60.0,1.214,0.002,0,4025.552597
307.0195889,60.0,0.945,0.227,0,4041.055624
307.3294617,60.0,0.452,0.666,0,4048.446928
307.6401472,60.0,-0.112,0.438,0,4046.601626
307.9508327,60.0,1.256,0.0,0,4067.205295
308.1855127,60.0,0.037,0.0,0,4067.664613
308.359248,60.0,1.23,0.0,0,4078.950699
308.5146243,60.0,0.68,0.0,0,4084.528125
308.8253098,60.0,-0.196,0.0,0,4081.312903
309.1347395,60.0,0.45,1.152,0,4088.660212
309.4454058,60.0,-0.054,0.905,0,4087.777761
309.7560913,60.0,-1.123,0.017,0,4069.350574
310.0667768,60.0,-1.476,0.0,0,4045.138004
310.3774623,60.0,-1.052,0.001,0,4027.881513
310.6881459,60.0,-0.582,0.795,0,4018.331108
310.996917,60.0,0.045,1.171,0,4019.061899
311.3076025,60.0,-0.215,0.378,0,4015.5369
311.6182818,60.0,0.865,0.78,0,4029.730122
311.927704,60.0,0.007,1.031,0,4029.845886
312.2383895,60.0,0.36,0.393,0,4035.746626
312.5462223,60.0,2.084,1.289,1,4069.622586
312.8569078,60.0,0.403,0.631,0,4076.237703
313.1675933,60.0,-0.748,0.001,0,4063.968297
313.4782788,60.0,-0.88,0.0,0,4049.532607
313.7889643,60.0,-2.31,0.0,0,4011.638918
314.0996498,60.0,0.022,0.0,0,4011.999812
314.4103353,60.0,-0.388,0.0,0,4005.634985
314.7210208,60.0,-0.832,0.0,0,3991.986695
315.0317063,60.0,0.045,0.078,0,3992.72699
315.3422365,60.0,0.491,0.781,0,4000.785208
315.6525821,60.0,-0.154,0.843,0,3998.253782
315.9632676,60.0,0.176,0.14,0,4001.134089
316.2739531,60.0,0.292,0.0,0,4005.924118
316.5846386,60.0,0.459,0.021,0,4013.451116
316.8952893,60.0,-1.159,0.783,0,3994.443977
317.2054062,60.0,0.863,0.898,0,4008.582264
317.5160917,60.0,-1.422,0.059,0,3985.26157
317.8265405,60.0,0.56,0.582,0,3994.435636
318.1371868,60.0,-1.786,0.514,0,3965.147095
318.4478543,60.0,-0.94,1.047,0,3949.725248
318.7554267,59.6151046,-1.467,1.608,0,3925.900947
319.0661122,60.0,-0.535,0.536,0,3917.132005
319.3767977,60.0,-0.608,0.0,0,3907.158271
319.6874832,60.0,0.594,0.295,0,3916.899289
319.996711,60.0,0.635,1.216,0,3927.273243
320.3073803,60.0,0.545,0.929,0,3936.216086
320.6180658,60.0,0.271,0.014,0,3940.654596
320.9287513,60.0,1.79,0.0,0,3970.018104
321.2394368,60.0,0.912,0.0,0,3984.978728
321.5501223,60.0,0.362,0.546,0,3990.914252
321.8584336,60.0,-0.21,1.09,0,3987.490437
322.1691191,60.0,-0.967,0.536,0,3971.635028
322.4798046,60.0,-1.167,0.275,0,3952.49131
322.7892784,60.0,-0.329,0.855,0,3947.111751
323.0999639,60.0,-1.217,0.569,0,3927.143698
323.4077706,59.72685791,-0.12,1.602,0,3925.199479
323.7184343,53.67658296,0.393,1.983,0,3931.651694
324.0233231,50.0720826,-1.115,2.279,0,3913.696722
324.3340086,60.0,-0.918,0.695,0,3898.634539
324.6446941,60.0,-0.183,0.081,0,3895.636363
324.9552068,60.0,0.626,0.291,0,3905.899412
325.2658923,60.0,0.002,0.048,0,3905.931028
325.5752543,60.0,0.054,1.211,0,3906.82047
325.8858832,60.0,0.733,0.68,0,3918.847898
326.1965246,60.0,0.212,0.909,0,3922.331452
326.5037136,51.35242532,0.566,2.167,0,3931.512892
326.8141071,60.0,1.247,1.54,0,3951.944759
327.1247205,60.0,1.336,0.851,0,3973.861241
327.4343161,60.0,1.501,1.035,0,3998.389812
327.7446959,60.0,0.898,0.616,0,4013.098206
328.054957,60.0,0.86,0.909,0,4027.178382
328.3656425,60.0,1.752,0.2,0,4055.918375
328.6755451,60.0,-0.751,0.733,0,4043.635404
328.9862306,60.0,0.07,0.292,0,4044.778497
329.2965346,60.0,1.777,1.318,0,4073.890487
329.6057692,60.0,-0.494,1.511,0,4065.821912
329.9164547,60.0,-0.795,0.277,0,4052.781746
330.2271402,60.0,-1.684,0.0,0,4025.157085
330.5378257,60.0,0.024,0.0,0,4025.550788
330.8485112,60.0,1.11,0.0,0,4043.759447
331.1591967,60.0,0.27,0.0,0,4048.188581
331.4698822,60.0,-0.224,0.003,0,4044.51625
331.7805677,60.0,-0.048,0.005,0,4043.732408
332.0912532,60.0,0.088,0.002,0,4045.177328
332.4019387,60.0,0.378,0.0,0,4051.378116
332.7126242,60.0,-0.826,0.0,0,4037.828253
333.0233097,60.0,-1.344,0.0,0,4015.781017
333.3339952,60.0,-0.98,0.0,0,3999.704909
333.6446807,60.0,0.014,0.0,0,3999.93457
333.9553662,60.0,-0.023,0.224,0,3999.556727
334.265516,60.0,-0.976,0.594,0,3983.574464
334.5762015,60.0,-2.039,0.369,0,3950.122281
334.886887,60.0,0.198,0.012,0,3953.378355
335.1975663,60.0,-0.14,0.189,0,3951.074554
335.5082375,60.0,0.445,0.185,0,3958.381163
335.818923,60.0,1.206,0.009,0,3978.170218
336.1296085,60.0,-0.29,0.0,0,3973.413002
336.440294,60.0,-0.826,0.0,0,3959.863138
336.7509795,60.0,-0.114,0.0,0,3957.99306
337.061665,60.0,-1.315,0.287,0,3936.429416
337.3708866,60.0,-0.574,1.013,0,3927.051817
337.6815721,60.0,1.324,0.712,0,3948.779138
337.9922514,60.0,0.502,0.954,0,3957.016768
338.2996473,59.73640705,-0.492,1.601,0,3949.034084
338.6103328,60.0,1.442,0.639,0,3972.681894
338.9210183,60.0,0.214,0.001,0,3976.192793
339.2317038,60.0,-0.022,0.001,0,3975.832264
339.5423893,60.0,-1.526,0.0,0,3950.799472
339.8530748,60.0,0.382,0.0,0,3957.065881
340.1637603,60.0,0.006,0.0,0,3957.16431
340.4744458,60.0,-1.07,0.0,0,3939.611828
340.7851313,60.0,-1.21,0.0,0,3919.76276
341.0958168,60.0,-1.076,0.0,0,3902.111854
341.4065023,60.0,-0.406,0.0,0,3895.451757
341.7171878,60.0,-0.322,0.0,0,3890.169612
342.0278733,60.0,-0.09,0.0,0,3888.693242
342.3385588,60.0,-0.164,0.002,0,3886.00429
342.6492443,60.0,-0.088,0.003,0,3884.562876
342.9599298,60.0,-0.296,0.001,0,3879.708047
343.2706153,60.0,-1.221,0.171,0,3859.675661
343.5805819,60.0,0.036,0.698,0,3860.263907
343.8911711,60.0,-0.048,0.394,0,3859.472458
344.2018566,60.0,0.314,0.255,0,3864.62694
344.5112154,60.0,-2.966,0.782,0,3816.18747
344.8219009,60.0,3.006,0.391,1,3865.492419
345.1325864,60.0,-1.544,0.0,0,3840.164352
345.4432719,60.0,1.346,0.0,0,3862.244405
345.7539574,60.0,-0.02,0.0,0,3861.916328
346.0646429,60.0,-0.021,0.377,0,3861.573194
346.3733972,60.0,0.068,1.546,0,3862.679651
346.6839628,60.0,-0.594,1.202,0,3852.936289
346.9946483,60.0,0.059,0.024,0,3853.903287
347.305312,60.0,0.029,1.417,0,3854.374015
347.6093613,38.5857443,-0.141,3.838,0,3852.114205
347.9162583,43.99494996,0.391,2.952,0,3858.456901
348.2269438,60.0,-0.542,0.559,0,3849.571943
348.5376293,60.0,-0.01,0.0,0,3849.407985
348.8483148,60.0,-0.002,0.0,0,3849.375233
349.1590003,60.0,-0.01,0.088,0,3849.203518
349.4695417,60.0,0.037,0.816,0,3849.804241
349.7790814,57.63367929,0.017,1.72,0,3850.075878
350.0889367,60.0,0.103,1.309,0,3851.753041
350.3996222,60.0,0.017,0.319,0,3852.028137
350.7103077,60.0,0.662,0.0,0,3862.887713
351.0209932,60.0,0.074,0.0,0,3864.101624
351.3316787,60.0,-0.138,0.0,0,3861.837854
351.6423642,60.0,0.002,0.0,0,3861.870706
351.9530497,60.0,0.0,0.0,0,3861.870764
352.2637352,60.0,0.35,0.0,0,3867.612261
352.5744207,60.0,0.26,0.0,0,3871.877356
352.8851062,60.0,0.108,0.0,0,3873.64903
353.1957917,60.0,0.922,0.144,0,3888.770044
353.5060398,60.0,0.343,1.017,0,3894.390785
353.8156466,60.0,0.261,1.395,0,3898.649548
354.1263289,60.0,-0.181,0.521,0,3895.677793
354.4370144,60.0,-0.11,0.002,0,3893.874799
354.7476999,60.0,-0.276,0.0,0,3889.347242
355.0583854,60.0,-0.148,0.0,0,3886.919482
355.3690709,60.0,-0.186,0.0,0,3883.86841
355.6797564,60.0,0.0,0.007,0,3883.872769
355.9904419,60.0,0.0,0.007,0,3883.877642
356.3011274,60.0,-0.002,0.001,0,3883.845301
356.6118129,60.0,-0.304,0.0,0,3878.858426
356.9224984,60.0,-0.002,0.0,0,3878.825721
357.2331839,60.0,-0.142,0.0,0,3876.496441
357.5438694,60.0,-0.162,0.0,0,3873.839025
357.8545549,60.0,-0.304,0.003,0,3868.854357
358.1652404,60.0,0.016,0.005,0,3869.120107
358.4759259,60.0,-0.012,0.002,0,3868.924271
358.7866114,60.0,-0.298,0.0,0,3864.035863
359.0952663,60.0,-0.213,0.0,0,3860.558216
359.3407917,60.0,-0.514,0.0,0,3853.898113
359.6514772,60.0,-0.472,0.0,0,3846.155333
359.9621627,60.0,0.068,0.0,0,3847.270892
360.2728482,60.0,-0.146,0.0,0,3844.875938
360.2966945,60.0,0.026,0.0,0,3844.908751
360.6073682,60.0,0.014,0.0,0,3845.138409
360.9170278,59.28854008,0.292,1.626,0,3849.908918
361.2268309,60.0,0.053,1.317,0,3850.770601
361.5375164,60.0,0.013,0.335,0,3850.990201
361.8482019,60.0,0.0,0.0,0,3850.990215
362.1588874,60.0,0.002,0.0,0,3851.023038
362.4695729,60.0,0.0,0.0,0,3851.023056
362.7802584,60.0,-0.242,0.0,0,3847.053265
363.0909439,60.0,-0.064,0.0,0,3846.003409
363.4016294,60.0,-0.002,0.0,0,3845.970601
363.7123149,60.0,0.002,0.0,0,3846.003409
364.0230004,60.0,-0.284,0.0,0,3841.344625
364.3336859,60.0,-0.022,0.0,0,3840.983758
364.6443714,60.0,-0.01,0.0,0,3840.819739
364.9550569,60.0,-0.252,0.0,0,3836.685892
365.2657424,60.0,-0.038,0.0,0,3836.062545
365.5764279,60.0,-0.002,0.0,0,3836.029753
365.8871134,60.0,-0.308,0.0,0,3830.977274
366.1977989,60.0,0.0,0.0,0,3830.977287
366.5084844,60.0,0.03,0.0,0,3831.469431
366.8191699,60.0,-0.03,0.0,0,3830.977316
367.1298554,60.0,0.0,0.0,0,3830.977326
367.4405409,60.0,0.002,0.0,0,3831.010151
367.7512264,60.0,-0.304,0.0,0,3826.02329
368.0619119,60.0,-0.306,0.0,0,3821.003625
368.3725974,60.0,-0.242,0.0,0,3817.033828
368.6832829,60.0,-0.356,0.0,0,3811.19394
368.9939684,60.0,0.294,0.0,0,3816.016774
369.3046539,60.0,0.024,0.0,0,3816.41049
369.6153394,60.0,-0.026,0.003,0,3815.98605
369.9260249,60.0,0.042,0.004,0,3816.67756
370.2367104,60.0,-0.02,0.001,0,3816.349921
370.5473959,60.0,-0.022,0.0,0,3815.989044
370.8580814,60.0,-0.304,0.0,0,3811.002184
371.1687669,60.0,0.0,0.0,0,3811.002193
371.4794524,60.0,0.022,0.0,0,3811.363102
371.7901379,60.0,-0.024,0.0,0,3810.969413
372.1008234,60.0,0.002,0.0,0,3811.002231
372.4115089,60.0,-0.284,0.0,0,3806.343463
372.7221944,60.0,-0.02,0.0,0,3806.015395
373.0328799,60.0,-0.228,0.0,0,3802.275241
373.3435654,60.0,-0.082,0.0,0,3800.930112
373.6542509,60.0,0.004,0.0,0,3800.995746
373.9649364,60.0,0.002,0.0,0,3801.028563
374.2756219,60.0,-0.002,0.0,0,3800.995769
374.5863074,60.0,0.015,0.378,0,3801.243803
374.8961143,60.0,0.05,1.245,0,3802.058646
375.206473,60.0,0.04,1.002,0,3802.715363
375.5171585,60.0,0.003,0.137,0,3802.772454
375.827844,60.0,0.002,0.0,0,3802.805266
376.1385295,60.0,-0.002,0.0,0,3802.772461
376.449215,60.0,0.004,0.0,0,3802.83808
376.7599005,60.0,-0.108,0.0,0,3801.06643
377.070586,60.0,-0.156,0.0,0,3798.50738
377.3812715,60.0,-0.132,0.0,0,3796.342029
377.691957,60.0,-1.35,0.001,0,3774.197155
378.0026425,60.0,1.186,0.002,0,3793.654031
378.313328,60.0,0.254,0.001,0,3797.82141
378.6240135,60.0,0.0,0.0,0,3797.82141
378.934699,60.0,-0.324,0.0,0,3792.506451
379.2453845,60.0,0.032,0.0,0,3793.031387
379.55607,60.0,0.172,0.0,0,3795.852917
379.8667555,60.0,-0.012,0.0,0,3795.656073
380.177441,60.0,-0.048,0.0,0,3794.868672
380.4881265,60.0,-0.062,0.0,0,3793.851612
380.798812,60.0,0.01,0.0,0,3794.015655
381.1094975,60.0,0.11,0.0,0,3795.820121
381.420183,60.0,-0.026,0.0,0,3795.393618
381.7308685,60.0,-0.054,0.0,0,3794.507796
382.041554,60.0,-0.01,0.0,0,3794.343757
382.3522395,60.0,-0.032,0.0,0,3793.818827
382.662925,60.0,-0.048,0.0,0,3793.031429
382.9736105,60.0,-0.014,0.0,0,3792.80177
383.284296,60.0,0.002,0.0,0,3792.834582
383.5949815,60.0,0.002,0.001,0,3792.867909
383.905667,60.0,-0.004,0.008,0,3792.807344
384.2163525,60.0,-0.002,0.007,0,3792.779077
384.527038,60.0,0.0,0.0,0,3792.779082
384.8377235,60.0,-0.01,0.0,0,3792.61504
385.148409,60.0,0.012,0.0,0,3792.811891
385.4590945,60.0,-0.002,0.0,0,3792.779083
385.76978,60.0,0.002,0.003,0,3792.814085
386.0804655,60.0,0.0,0.005,0,3792.817231
386.391151,60.0,0.0,0.001,0,3792.818186
386.7018365,60.0,-0.048,0.0,0,3792.030789
387.012522,60.0,-0.236,0.0,0,3788.159402
387.3232075,60.0,-0.022,0.0,0,3787.798513
387.633893,60.0,0.0,0.009,0,3787.804188
387.9445785,60.0,0.0,0.006,0,3787.807855
388.255264,60.0,0.004,0.009,0,3787.879467
388.5659495,60.0,-0.004,0.006,0,3787.817838
388.876635,60.0,0.0,0.0,0,3787.817843
389.1873205,60.0,0.0,0.0,0,3787.817847
389.498006,60.0,-0.15,0.0,0,3785.357218
389.8086915,60.0,-0.022,0.0,0,3784.996328
390.119377,60.0,-0.026,0.0,0,3784.569997
390.4300618,60.0,-0.071,0.031,0,3783.409104
390.74071,60.0,0.03,0.004,0,3783.904096
391.0513955,60.0,0.029,0.035,0,3784.386311
391.362081,60.0,0.08,0.0,0,3785.698651
391.6727665,60.0,0.004,0.0,0,3785.76427
391.983452,60.0,-0.176,0.004,0,3782.879648
392.2941375,60.0,-0.001,0.037,0,3782.870959
392.5057187,60.0,0.01,0.037,0,3782.98581
392.6055942,60.0,-0.006,0.0,0,3782.953001
392.9162797,60.0,-0.254,0.0,0,3778.786336
393.2269652,60.0,-0.048,0.0,0,3777.998938
393.5376507,60.0,0.059,0.223,0,3778.965537
393.8477278,60.0,-0.006,1.157,0,3778.870158
394.1572992,54.86067499,-0.137,1.899,0,3776.633819
394.4672291,60.0,0.264,1.243,0,3780.958099
394.7779146,60.0,0.007,0.28,0,3781.076204
395.0886001,60.0,-0.002,0.0,0,3781.043467
395.3992856,60.0,0.016,0.4,0,3781.306061
395.7089111,60.0,-0.23,1.273,0,3777.545376
396.0191983,60.0,-0.502,0.875,0,3769.3259
396.3295961,60.0,-2.471,0.273,0,3728.822241
396.6399342,60.0,2.408,0.594,1,3768.286481
396.9506197,60.0,0.013,0.316,0,3768.493907
397.2613052,60.0,0.003,0.071,0,3768.540489
397.5718049,60.0,0.037,0.874,0,3769.146685
397.881431,59.76761517,0.072,1.6,0,3770.323991
398.1919438,60.0,0.045,0.869,0,3771.057791
398.5026293,60.0,0.015,0.077,0,3771.305102
398.8133148,60.0,-0.338,0.0,0,3765.760488
399.1240003,60.0,0.0,0.0,0,3765.760491
399.4346858,60.0,0.0,0.0,0,3765.760494
399.7453713,60.0,0.0,0.0,0,3765.760496
400.0560568,60.0,0.0,0.0,0,3765.760498
400.3667423,60.0,0.002,0.0,0,3765.79331
400.6774278,60.0,0.002,0.0,0,3765.826121
400.9881133,60.0,0.005,0.027,0,3765.909186
401.2987627,60.0,0.008,0.092,0,3766.035372
401.6092755,60.0,0.029,0.775,0,3766.510689
401.9195061,60.0,0.035,0.87,0,3767.080996
402.2301916,60.0,0.002,0.16,0,3767.120691
402.5408771,60.0,0.004,0.143,0,3767.181749
402.8512967,60.0,0.02,0.399,0,3767.50916
403.1619822,60.0,0.072,0.256,0,3768.694175
403.4726677,60.0,-0.086,0.0,0,3767.283452
403.7833532,60.0,0.021,0.033,0,3767.633227
404.0940144,60.0,-0.124,0.443,0,3765.594468
404.403912,60.0,-0.074,0.966,0,3764.389369
404.7145944,60.0,-0.032,0.559,0,3763.870395
405.0252799,60.0,0.144,0.005,0,3766.236204
405.3359654,60.0,-0.09,0.0,0,3764.759832
405.6466509,60.0,0.434,0.0,0,3771.879265
405.9573364,60.0,0.074,0.0,0,3773.093186
406.2680219,60.0,-0.024,0.0,0,3772.699495
406.5787074,60.0,-0.084,0.0,0,3771.321553
406.8893929,60.0,0.08,0.26,0,3772.640641
407.1994067,60.0,-0.011,1.176,0,3772.459242
407.5089129,54.71160248,0.002,1.909,0,3772.493192
407.818726,60.0,-0.02,1.346,0,3772.160048
408.1294115,60.0,0.209,0.32,0,3775.585561
408.4400622,60.0,-0.047,0.188,0,3774.822832
408.7506607,60.0,-0.057,0.032,0,3773.892058
409.0613462,60.0,-0.038,0.04,0,3773.262242
409.3715582,60.0,0.031,1.081,0,3773.773368
409.6810724,56.22085797,-0.006,1.808,0,3773.675634
409.9904449,54.32022573,0.116,1.937,0,3775.564354
410.3006451,60.0,-0.123,1.244,0,3773.557641
410.6113306,60.0,0.085,0.181,0,3774.956014
410.9220161,60.0,-0.172,0.0,0,3772.134518
411.2327016,60.0,-0.15,0.0,0,3769.673901
411.5433871,60.0,-0.204,0.001,0,3766.328028
411.8540726,60.0,-1.352,0.001,0,3744.150199
412.1647581,60.0,1.362,0.0,0,3766.492798
412.4754436,60.0,0.026,0.0,0,3766.919337
412.7861291,60.0,-0.048,0.0,0,3766.131966
413.0968146,60.0,-0.104,0.0,0,3764.425962
413.4075001,60.0,0.032,0.0,0,3764.95093
413.7181856,60.0,-0.12,0.0,0,3762.982625
414.0288711,60.0,0.118,0.0,0,3764.918454
414.3395566,60.0,-0.218,0.0,0,3761.342371
414.6502421,60.0,0.178,0.0,0,3764.262347
414.9609276,60.0,-0.054,0.0,0,3763.376551
415.2716131,60.0,-0.09,0.0,0,3761.9002
415.5822986,60.0,-0.032,0.0,0,3761.375413
415.8929841,60.0,0.019,0.034,0,3761.693321
416.2036317,60.0,-0.096,0.047,0,3760.116537
416.4125323,60.0,0.005,0.047,0,3760.170075
416.4266073,60.0,0.11,0.0,0,3760.252096
416.7372928,60.0,0.129,0.0,0,3762.368237
416.8086026,60.0,0.057,0.0,0,3762.581492
417.1192881,60.0,0.026,0.0,0,3763.008001
417.4299736,60.0,0.0,0.0,0,3763.008037
417.7406591,60.0,0.133,0.001,0,3765.190115
418.0513446,60.0,0.033,0.001,0,3765.731749
418.3620301,60.0,0.085,0.0,0,3767.126168
418.6727156,60.0,0.075,0.0,0,3768.356593
418.9834011,60.0,-0.094,0.0,0,3766.814715
419.2940866,60.0,-0.084,0.0,0,3765.436877
419.4265785,60.0,0.035,0.0,0,3765.682989
419.6241744,60.0,0.0,0.0,0,3765.682989
419.9348599,39.94216721,0.377,3.582,0,3771.861392
420.2455454,60.0,0.383,0.0,0,3778.144233
420.5562309,60.0,0.387,0.0,0,3784.492806
420.8669164,60.0,0.452,0.0,0,3791.907665
421.1776019,60.0,0.461,0.0,0,3799.470025
421.4882874,60.0,0.321,0.002,0,3804.73635
421.7989729,60.0,0.307,0.002,0,3809.773123
422.1096584,60.0,0.545,0.0,0,3818.713466
422.4203439,60.0,0.586,0.0,0,3828.326468
422.7310294,60.0,0.444,0.0,0,3835.609942
423.0417149,60.0,0.273,0.0,0,3840.088418
423.3524004,60.0,0.516,0.0,0,3848.553104
423.6630859,60.0,0.618,0.0,0,3858.690931
423.9737714,60.0,0.408,0.001,0,3865.384008
424.2844569,60.0,0.496,0.0,0,3873.520615
424.5951424,60.0,0.533,0.0,0,3882.264126
424.9058279,60.0,0.531,0.0,0,3890.974889
425.2165134,60.0,0.668,0.001,0,3901.93311
425.5271989,60.0,0.747,0.001,0,3914.187395
425.8378844,60.0,0.718,0.001,0,3925.965892
426.1485699,60.0,0.677,0.0,0,3937.071674
426.4592554,60.0,0.709,0.001,0,3948.702446
426.7699409,60.0,0.597,0.0,0,3958.495884
427.0806264,60.0,0.637,0.0,0,3968.945355
427.3913119,60.0,0.56,0.0,0,3978.131704
427.7019974,60.0,0.47,0.0,0,3985.841803
428.0126829,60.0,0.465,0.001,0,3993.469977
428.3233597,60.0,0.731,0.011,0,4005.465143
428.6205894,60.0,-0.077,1.397,0,4004.263058
428.929839,42.3729765,-0.918,3.183,0,3989.275499
429.2384155,60.0,-0.121,0.456,0,3987.307961
429.5473767,48.52154126,-0.943,2.427,0,3971.925308
429.8580622,60.0,0.502,1.44,0,3980.156973
430.1687477,60.0,0.081,0.417,0,3981.491324
430.4794332,60.0,0.235,0.0,0,3985.346432
430.7901082,60.0,0.573,0.031,0,3994.739735
431.1006371,60.0,0.463,0.102,0,4002.335622
431.4113226,60.0,0.43,0.241,0,4009.386441
431.7220081,60.0,0.499,0.108,0,4017.574717
432.0303131,60.0,0.297,0.379,0,4022.406197
432.3409973,60.0,0.578,1.194,0,4031.885943
432.6481646,56.85514981,0.258,1.768,0,4036.06827
432.9587184,54.26315151,0.643,1.941,0,4046.612836
433.2583609,60.0,0.266,1.085,0,4050.827591
433.5646328,43.07401507,0.736,3.08,0,4062.732479
433.8752934,60.0,0.532,0.377,0,4071.452116
434.1859591,60.0,0.521,1.384,0,4079.993505
434.4966023,60.0,0.411,0.254,0,4086.736984
434.8068696,60.0,0.599,0.261,0,4096.550143
435.1026428,60.0,0.903,1.46,0,4110.654303
435.3498739,60.0,1.053,1.438,0,4124.399132
435.6523536,36.20785496,0.169,4.359,0,4127.103715
435.9502942,39.93834767,1.298,3.582,0,4147.522182
436.249086,57.30797263,0.96,1.74,0,4162.670904
436.5427556,47.79599199,0.05,2.501,0,4163.446619
436.8364252,60.0,1.493,0.169,0,4186.596171
437.1456635,60.0,0.247,0.016,0,4190.636883
437.4398522,60.0,0.776,0.113,0,4202.696414
437.7504644,45.16138489,1.068,2.802,0,4220.216447
437.9902079,60.0,-0.085,0.868,0,4219.140337
438.2858295,22.90975904,0.86,10.887,0,4232.562064
438.5808192,24.64877656,1.011,9.405,0,4248.303567
438.8834809,50.31395737,0.738,2.257,0,4260.097848
439.1360422,57.00735679,0.035,1.758,0,4260.566803
439.3886034,39.2836806,1.181,3.703,0,4276.318148
439.5789135,60.0,0.024,1.224,0,4276.564137
439.7692236,46.15046479,0.054,2.683,0,4277.103319
439.9595337,21.01350973,0.259,12.941,0,4279.704021
440.1498438,20.21826524,0.28,13.979,0,4282.513332
440.3401539,60.0,0.012,0.58,0,4282.629813
440.530464,25.58317029,0.175,8.731,0,4284.384417
440.7207741,32.91532384,0.105,5.274,0,4285.444381
440.9110842,20.42250374,0.274,13.701,0,4288.197784
441.1013943,60.0,0.014,0.678,0,4288.334112
441.2917044,31.27315382,0.117,5.843,0,4289.508318
441.4820145,38.11675412,0.079,3.933,0,4290.298735
441.6723245,37.56415988,0.081,4.05,0,4291.112577
441.8626346,60.0,0.01,0.479,0,4291.208923
442.0529447,22.93971317,0.217,10.859,0,4293.391209
442.2432548,19.4692253,0.302,15.075,0,4296.420845
442.4335649,60.0,0.012,0.619,0,4296.545248
442.623875,19.9042189,0.288,14.424,0,4299.443909
442.8141851,28.01786116,0.146,7.279,0,4300.906819
443.0044952,38.88929776,0.076,3.778,0,4301.666144
443.1948053,60.0,0.018,0.876,0,4301.842282
443.3851154,28.93538797,0.137,6.825,0,4303.213887
443.5754255,29.76661871,0.129,6.449,0,4304.509957
443.7657356,60.0,0.02,1.014,0,4304.713797
443.9560457,26.31677341,0.165,8.251,0,4306.371942
444.1463558,32.14702305,0.111,5.529,0,4307.483177
444.3366659,30.47645533,0.123,6.152,0,4308.719577
444.526976,32.81464884,0.106,5.307,0,4309.786055
444.7172861,39.60585764,0.073,3.643,0,4310.518153
444.9075962,60.0,0.0,0.023,0,4310.522804
445.0979063,60.0,0.017,0.862,0,4310.696076
445.2882164,39.47488507,0.605,3.667,0,4316.774901
445.5884915,44.51068838,1.706,2.884,0,4343.821353
445.8470042,43.0955442,1.247,3.077,0,4360.835818
446.1374901,29.3450975,1.607,6.636,0,4385.476338
446.4343495,32.07196528,1.174,5.555,0,4403.884508
446.7135595,60.0,1.154,1.27,0,4420.892732
447.0171651,60.0,1.039,1.174,0,4437.542178
447.3278506,59.61554002,1.461,1.608,0,4461.511278
447.6270668,60.0,0.746,0.555,0,4473.300889
447.9374491,41.45524131,1.681,3.325,0,4500.850696
448.2412964,41.56966363,0.619,3.307,0,4510.786396
448.4984595,41.65797667,-0.26,3.293,0,4507.251471
448.7550857,20.98481155,0.26,12.976,0,4510.768021
449.0117119,45.01774398,0.056,2.82,0,4511.532137
449.0857417,39.5603186,0.073,3.651,0,4511.817576
449.3102325,60.0,0.002,0.09,0,4511.838868
449.5327623,60.0,0.765,1.409,0,4520.831476
449.6258233,49.8362365,0.046,2.301,0,4521.057578
449.8917527,24.01441354,1.347,9.909,0,4539.965484
450.1483789,25.91382252,0.17,8.509,0,4542.271509
450.520111,60.0,0.006,0.297,0,4542.388271
450.8918431,60.0,2.891,1.087,1,4599.130626
451.1375966,58.17958133,0.034,1.688,0,4599.568737
451.3833501,37.78856962,2.957,4.002,1,4637.943179
451.6906416,60.0,1.143,0.628,0,4656.48695
451.9982799,60.0,0.616,0.87,0,4666.49723
452.2940476,60.0,0.972,0.848,0,4681.673364
452.5855526,60.0,1.021,1.573,0,4697.380573
452.8550443,60.0,1.303,0.494,0,4715.926631
453.1501601,60.0,1.516,0.341,0,4739.556517
453.4561076,60.0,1.279,0.865,0,4760.210051
453.7538363,46.06884982,0.713,2.692,0,4771.424011
454.0533204,60.0,1.056,1.503,0,4788.122941
454.3360401,60.0,0.007,0.329,0,4788.221247
454.6187599,46.58576763,3.454,2.633,1,4839.778326
454.9275241,44.5943029,-0.175,2.873,0,4836.925859
455.2342608,60.0,1.687,1.413,0,4864.253679
455.5407607,58.22060008,1.285,1.686,0,4885.042091
455.8282946,50.076753,1.335,2.279,0,4905.304194
456.1334809,36.96725414,1.144,4.181,0,4923.744952
456.4093902,35.257685,1.274,4.597,0,4942.308676
456.7111366,32.30693353,0.935,5.475,0,4957.209363
457.0128222,60.0,0.661,0.831,0,4967.743117
457.3235077,48.09290683,0.938,2.471,0,4983.137006
457.6341932,60.0,0.923,0.897,0,4998.277197
457.9448787,60.0,0.409,0.005,0,5004.988197
458.2555642,60.0,0.391,0.008,0,5011.404951
458.5662497,60.0,0.508,0.006,0,5019.740132
458.8769352,60.0,0.338,0.001,0,5025.285102
459.1876207,60.0,0.41,0.003,0,5032.011894
459.4983062,60.0,0.319,0.003,0,5037.245838
459.8089917,60.0,0.089,0.001,0,5038.706103
460.1196772,60.0,-0.314,0.001,0,5033.555488
460.4303627,60.0,-0.067,0.003,0,5032.457433
460.7410482,60.0,-0.261,0.003,0,5028.176939
461.0517337,60.0,-0.333,0.001,0,5022.714625
461.3624192,60.0,-0.243,0.0,0,5018.728538
461.6730953,60.0,-0.3,0.026,0,5013.799531
461.9837808,60.0,-0.137,0.007,0,5011.554508
462.2944663,60.0,-0.694,0.025,0,5000.178093
462.6051295,60.0,-0.187,0.038,0,4997.10671
462.9154067,60.0,-0.874,0.192,0,4982.783044
463.225766,60.0,-0.092,0.864,0,4981.278018
463.5355076,60.0,0.035,0.544,0,4981.849734
463.8457308,60.0,0.017,0.958,0,4982.130772
464.1538377,58.41747768,0.083,1.674,0,4983.479383
464.4645232,60.0,0.144,1.508,0,4985.8443
464.7752087,60.0,-0.075,0.709,0,4984.616887
465.0858942,60.0,-0.102,0.0,0,4982.943706
465.3965797,60.0,-0.153,0.0,0,4980.433942
465.7072652,60.0,-0.454,0.0,0,4972.986526
466.0179507,60.0,-0.583,0.0,0,4963.422938
466.3273518,60.0,-0.571,0.215,0,4954.093549
466.632289,60.0,-1.074,0.757,0,4936.80137
466.9331034,47.41194885,-0.441,2.542,0,4929.800485
467.2437889,36.91874681,-0.326,4.192,0,4924.450241
467.5544744,60.0,-0.222,1.201,0,4920.808933
467.8651562,60.0,-0.282,0.01,0,4916.186126
468.175777,60.0,-0.126,0.151,0,4914.119557
468.4864625,60.0,0.001,0.206,0,4914.137803
468.794744,60.0,-0.651,0.407,0,4903.542065
469.1054295,60.0,-1.112,1.198,0,4885.29994
469.415447,60.0,-1.133,0.491,0,4866.759907
469.72559,60.0,-0.819,1.085,0,4853.352265
470.0361102,60.0,-1.037,1.041,0,4836.354391
470.3467044,60.0,-1.129,0.82,0,4817.840479
470.6562428,60.0,-1.113,0.141,0,4799.645047
470.9653016,60.0,-0.767,0.873,0,4787.134683
471.2711783,55.71304315,-0.796,1.841,0,4774.27789
471.5663705,60.0,-1.375,1.383,0,4752.842304
471.874747,38.25233906,-0.886,3.905,0,4738.415209
472.1854325,40.96776956,-0.843,3.405,0,4724.588011
472.4934039,60.0,-1.42,0.588,0,4701.501835
472.7886433,44.26145919,-1.116,2.917,0,4684.104141
473.0890172,42.84120633,-0.779,3.113,0,4671.755093
473.3985674,49.34024171,-1.277,2.347,0,4650.885242
473.6953125,35.26747262,-0.972,4.594,0,4635.658243
474.005998,38.96816491,-1.105,3.763,0,4617.535895
474.3166835,59.24422644,-0.898,1.628,0,4602.79773
474.627369,60.0,-0.909,0.005,0,4587.887916
474.9380545,60.0,-1.051,0.004,0,4570.648571
475.2476998,60.0,-1.139,0.428,0,4552.022079
475.5583287,60.0,-0.9,1.069,0,4537.264495
475.8679803,60.0,-1.172,0.015,0,4518.109462
476.1786658,60.0,-0.891,1.059,0,4503.496365
476.4893513,60.0,-1.009,0.401,0,4486.945002
476.8000368,60.0,-1.385,0.0,0,4464.225246
477.1107223,60.0,-0.992,0.0,0,4447.952289
477.4214078,60.0,-0.867,0.0,0,4433.729881
477.4315361,60.0,0.0,0.0,0,4433.729882
477.4846036,60.0,-1.142,0.0,0,4430.531064
477.7952891,60.0,-0.482,0.0,0,4422.624243
478.1059746,60.0,-0.547,0.0,0,4413.65118
478.4166601,60.0,-0.534,0.0,0,4404.891374
478.6919995,60.0,-0.545,0.0,0,4396.968178
479.002685,60.0,-0.452,0.0,0,4389.553482
479.3133705,60.0,-0.33,0.0,0,4384.140174
479.624056,60.0,-0.279,0.0,0,4379.563475
479.9347415,60.0,-0.132,0.0,0,4377.398156
480.245427,60.0,-0.074,0.0,0,4376.184293
480.5561125,60.0,0.107,0.0,0,4377.93956
480.866798,60.0,-0.548,0.0,0,4368.950222
481.1774835,60.0,-0.437,0.0,0,4361.781738
481.488169,60.0,-0.144,0.0,0,4359.419568
481.7988545,60.0,-0.099,0.0,0,4357.795592
482.10954,60.0,-0.157,0.0,0,4355.220165
482.4202255,60.0,-0.424,0.0,0,4348.264816
482.730911,60.0,-0.365,0.0,0,4342.277287
483.0415965,60.0,-0.437,0.0,0,4335.108748
483.352282,60.0,-0.275,0.234,0,4330.592402
483.6626941,60.0,-0.063,0.727,0,4329.567571
483.9730919,60.0,-0.407,0.758,0,4322.893357
484.2837768,60.0,-0.139,0.269,0,4320.619309
484.5944623,60.0,-0.034,0.004,0,4320.062753
484.9051478,60.0,0.0,0.0,0,4320.062753
485.2158333,60.0,-0.134,0.0,0,4317.864591
485.5265188,60.0,-0.07,0.0,0,4316.716298
485.8372043,60.0,0.064,0.0,0,4317.766167
486.1478898,60.0,0.093,0.0,0,4319.291757
486.4585753,60.0,-0.005,0.001,0,4319.21005
486.7692552,60.0,-0.048,0.003,0,4318.423508
487.0799326,60.0,-0.184,0.04,0,4315.402002
487.3905908,60.0,-0.315,0.446,0,4310.233447
487.7010028,60.0,-0.112,0.905,0,4308.397714
488.0113503,60.0,-0.454,0.981,0,4300.960128
488.3217543,60.0,-0.176,0.711,0,4298.076493
488.6324106,60.0,-0.429,0.223,0,4291.046706
488.9430961,60.0,-0.46,0.01,0,4283.503991
489.2537816,60.0,-0.262,0.227,0,4279.198393
489.5636718,60.0,-0.48,1.384,0,4271.350653
489.872879,58.03875806,-0.568,1.696,0,4262.07845
490.1835036,60.0,-0.658,0.726,0,4251.292902
490.4941512,60.0,-0.837,0.273,0,4237.569975
490.8048361,60.0,-0.754,0.083,0,4225.195676
491.1155216,60.0,-0.61,0.003,0,4215.190081
491.4261835,60.0,-0.464,0.001,0,4207.578917
491.736869,60.0,-0.311,0.002,0,4202.477781
492.0475545,60.0,-0.15,0.001,0,4200.017547
492.35824,60.0,-0.021,0.0,0,4199.673198
492.6689255,60.0,-0.048,0.0,0,4198.885812
492.979611,60.0,-0.001,0.0,0,4198.869444
493.2902965,60.0,0.017,0.0,0,4199.148325
493.600982,60.0,-0.097,0.0,0,4197.557133
493.9116675,60.0,0.0,0.0,0,4197.557189
494.222353,60.0,-0.074,0.0,0,4196.343342
494.5330385,60.0,-0.076,0.0,0,4195.096635
494.843724,60.0,0.0,0.0,0,4195.096654
495.1544095,60.0,0.0,0.0,0,4195.096654
495.465095,60.0,0.0,0.0,0,4195.096654
495.7757805,60.0,0.0,0.0,0,4195.096672
496.086466,60.0,0.0,0.0,0,4195.096693
496.3971515,60.0,-0.059,0.0,0,4194.128913
496.707837,60.0,0.008,0.0,0,4194.260198
497.0185225,60.0,0.015,0.0,0,4194.506278
497.329208,60.0,-0.052,0.0,0,4193.653282
497.6398935,60.0,-0.072,0.0,0,4192.472197
497.950579,60.0,0.0,0.0,0,4192.472223
498.2612645,60.0,0.0,0.001,0,4192.472534
498.57195,60.0,0.011,0.001,0,4192.653368
498.8826355,60.0,0.051,0.0,0,4193.490034
499.193321,60.0,0.067,0.0,0,4194.589115
499.5040065,60.0,0.032,0.0,0,4195.114049
499.814692,60.0,0.159,0.0,0,4197.722316
500.1253775,60.0,0.141,0.0,0,4200.035318
500.436063,60.0,0.14,0.0,0,4202.331951
500.7467485,60.0,0.015,0.0,0,4202.578049
501.057434,60.0,0.064,0.0,0,4203.627921
501.3681195,60.0,0.095,0.0,0,4205.186341
501.678805,60.0,0.146,0.0,0,4207.581424
501.9894905,60.0,0.028,0.0,0,4208.040853
502.300176,60.0,0.274,0.0,0,4212.535618
502.6108615,60.0,0.283,0.0,0,4217.178023
502.921547,60.0,0.345,0.0,0,4222.837557
503.2322325,60.0,0.352,0.0,0,4228.611944
503.542918,60.0,0.375,0.0,0,4234.763521
503.8536035,60.0,0.323,0.0,0,4240.062087
504.164289,60.0,0.46,0.0,0,4247.608029
504.4749745,60.0,0.47,0.0,0,4255.31803
504.78566,60.0,0.485,0.0,0,4263.274081
505.0963455,60.0,0.565,0.0,0,4272.542462
505.407031,60.0,0.46,0.0,0,4280.088419
505.7177165,60.0,0.46,0.0,0,4287.634369
506.028402,60.0,0.456,0.0,0,4295.114693
506.3390875,60.0,0.463,0.0,0,4302.709869
506.649773,60.0,0.435,0.0,0,4309.845819
506.9604585,60.0,0.315,0.0,0,4315.013216
507.271144,60.0,0.31,0.0,0,4320.098536
507.5818295,60.0,0.307,0.0,0,4325.134638
507.892515,60.0,0.338,0.0,0,4330.679273
508.2032005,60.0,0.468,0.0,0,4338.356462
508.513886,60.0,0.165,0.0,0,4341.06322
508.8245715,60.0,0.294,0.0,0,4345.886069
509.135257,60.0,0.03,0.003,0,4346.379064
509.4459425,60.0,0.1,0.003,0,4348.020368
509.756628,60.0,0.101,0.004,0,4349.678372
510.0673135,60.0,0.18,0.004,0,4352.632301
510.377999,60.0,0.31,0.0,0,4357.717602
510.6886845,60.0,0.451,0.0,0,4365.115912
510.99937,60.0,0.341,0.0,0,4370.709762
511.3100555,60.0,0.232,0.009,0,4374.518527
511.620741,60.0,0.316,0.009,0,4379.705259
511.7586493,60.0,0.467,0.009,0,4383.102262
512.0693348,59.69924514,-0.799,1.603,0,4369.996404
512.3729914,59.69924514,-1.29,1.603,0,4349.316312
512.6557605,36.03142403,-0.767,4.401,0,4337.86815
512.9661068,56.13300815,0.631,1.814,0,4348.206583
513.2734903,47.75343194,-0.759,2.506,0,4335.88021
513.5746949,40.86135938,0.374,3.422,0,4341.824435
513.884124,60.0,-0.505,0.212,0,4333.576877
514.193683,60.0,0.909,1.533,0,4348.431585
514.5043685,60.0,0.126,0.268,0,4350.504543
514.815054,60.0,-0.293,0.424,0,4345.706021
515.1181873,60.0,0.02,0.977,0,4346.018636
515.4213207,60.0,-0.467,0.474,0,4338.542325
515.7288403,40.97876645,-0.782,3.403,0,4325.851446
516.0370621,43.28384473,1.248,3.05,0,4346.168331
516.3453137,49.41485893,0.414,2.34,0,4352.901214
516.655983,60.0,0.108,0.833,0,4354.667438
516.9666685,60.0,-0.152,0.008,0,4352.176785
517.277354,60.0,0.623,0.0,0,4362.39666
517.5880395,60.0,0.101,0.17,0,4364.060179
517.89851,60.0,-0.038,0.635,0,4363.431831
518.2090483,60.0,0.185,0.577,0,4366.458862
518.5197338,60.0,0.597,0.112,0,4376.256126
518.8304193,60.0,-0.395,0.0,0,4369.776545
519.1411048,60.0,0.0,0.0,0,4369.776623
519.4517903,60.0,1.066,0.074,0,4387.271485
519.7623198,60.0,0.246,0.882,0,4391.300934
520.0718874,60.0,0.641,1.543,0,4401.779185
520.3824717,60.0,-0.525,0.779,0,4393.176364
520.6931572,60.0,0.963,0.047,0,4408.972466
521.0038408,60.0,-0.075,0.294,0,4407.740117
521.3142361,60.0,-0.786,0.791,0,4394.859491
521.6246296,60.0,0.045,0.959,0,4395.60034
521.9351821,60.0,0.466,0.552,0,4403.24519
522.2458676,60.0,-0.442,0.091,0,4395.991696
522.5565531,60.0,0.044,0.0,0,4396.713525
522.8672386,60.0,0.013,0.0,0,4396.926905
523.1779241,60.0,0.351,0.0,0,4402.68488
523.4886096,60.0,-0.036,0.0,0,4402.094407
523.7992951,60.0,-0.127,0.148,0,4400.01036
524.1097526,60.0,0.043,0.639,0,4400.712097
524.4201783,60.0,0.103,0.738,0,4402.397647
524.7308638,60.0,0.23,0.248,0,4406.169869
525.0415493,60.0,0.477,0.002,0,4413.995192
525.3522348,60.0,0.068,0.0,0,4415.110788
525.6629203,60.0,0.509,0.0,0,4423.460633
525.9736058,60.0,0.353,0.0,0,4429.251424
526.2842913,60.0,0.53,0.0,0,4437.945778
526.5949768,60.0,0.383,0.001,0,4444.229069
526.9056623,60.0,0.495,0.003,0,4452.350236
527.2163478,60.0,0.689,0.001,0,4463.653146
527.5270333,60.0,0.196,0.0,0,4466.868369
527.8377188,60.0,-0.015,0.0,0,4466.622306
528.1484043,60.0,0.294,0.0,0,4471.445159
528.4590898,60.0,0.16,0.001,0,4474.070015
528.7697753,60.0,0.093,0.001,0,4475.595831
529.0804608,60.0,0.075,0.0,0,4476.826251
529.3911463,60.0,0.206,0.0,0,4480.205626
529.7018318,60.0,0.297,0.0,0,4485.07781
530.0125173,60.0,0.259,0.0,0,4489.326622
530.3232028,60.0,0.224,0.0,0,4493.001214
530.6338883,60.0,0.015,0.0,0,4493.247347
530.9445738,60.0,0.129,0.186,0,4495.358834
531.2549983,60.0,0.321,0.674,0,4500.615897
531.5653806,60.0,0.444,0.993,0,4507.896757
531.8757797,60.0,0.449,0.72,0,4515.252245
532.1864652,60.0,0.333,0.215,0,4520.719881
532.4971507,60.0,0.463,0.0,0,4528.315054
532.8078362,60.0,0.413,0.003,0,4535.090846
533.1185217,60.0,0.425,0.003,0,4542.063571
533.4292072,60.0,0.478,0.008,0,4549.907339
533.7398821,60.0,0.422,0.303,0,4556.831002
534.0502787,60.0,0.504,0.599,0,4565.098324
534.3609517,60.0,0.492,0.318,0,4573.174988
534.6716372,60.0,0.251,0.014,0,4577.297048
534.9823227,60.0,0.295,0.004,0,4582.137517
535.2930082,60.0,0.03,0.001,0,4582.630121
535.6036925,60.0,0.196,0.002,0,4585.845967
535.914378,60.0,0.258,0.003,0,4590.079091
536.2250635,60.0,0.344,0.001,0,4595.722625
536.535749,60.0,0.26,0.001,0,4599.987951
536.8464345,60.0,0.382,0.001,0,4606.254641
537.15712,60.0,0.334,0.001,0,4611.734023
537.4678055,60.0,0.396,0.001,0,4618.230272
537.778491,60.0,0.488,0.001,0,4626.2357
538.0891765,60.0,0.236,0.002,0,4630.107745
538.399862,60.0,0.215,0.003,0,4633.635538
538.7105475,60.0,0.441,0.003,0,4640.870867
539.021233,60.0,0.616,0.002,0,4650.976436
539.3319185,60.0,0.283,0.006,0,4655.620661
539.642604,60.0,0.498,0.078,0,4663.782731
539.9532255,60.0,0.347,0.214,0,4669.479523
540.2639104,60.0,0.406,0.134,0,4676.134468
540.5745959,60.0,0.349,0.0,0,4681.859579
540.8852814,60.0,0.464,0.0,0,4689.471245
541.1959669,60.0,0.556,0.048,0,4698.591178
541.5065871,60.0,0.529,0.48,0,4707.262558
541.8169762,60.0,0.335,0.866,0,4712.746572
542.1275604,60.0,0.304,0.503,0,4717.734513
542.4382459,60.0,0.322,0.071,0,4723.023601
542.7489314,60.0,0.526,0.247,0,4731.651129
543.0593292,60.0,0.755,0.757,0,4744.021946
543.3697681,60.0,-0.344,0.727,0,4738.387536
543.6804536,60.0,0.332,0.217,0,4743.839232
543.9911391,60.0,0.309,0.049,0,4748.907861
544.3017686,60.0,0.814,0.472,0,4762.251626
544.6122025,60.0,0.549,0.596,0,4771.255954
544.922888,60.0,0.614,0.173,0,4781.335535
545.2335735,60.0,0.178,0.0,0,4784.255599
545.544259,60.0,0.274,0.0,0,4788.750359
545.8549445,60.0,0.324,0.013,0,4794.069595
546.1656238,60.0,0.381,0.36,0,4800.322935
546.4760228,60.0,0.303,0.845,0,4805.291485
546.7864007,60.0,0.307,0.932,0,4810.321278
547.097003,60.0,0.14,0.495,0,4812.616162
547.4076885,60.0,0.222,0.061,0,4816.26159
547.718374,60.0,0.257,0.0,0,4820.477587
548.0290595,60.0,0.252,0.0,0,4824.611457
548.339745,60.0,0.362,0.0,0,4830.549894
548.6504305,60.0,0.319,0.0,0,4835.782843
548.961116,60.0,0.252,0.0,0,4839.916812
549.2718015,60.0,0.249,0.034,0,4843.996311
549.5824578,60.0,0.337,0.427,0,4849.516959
549.892855,60.0,0.411,0.63,0,4856.252342
550.2035398,60.0,0.381,0.242,0,4862.499817
550.5142253,60.0,0.378,0.005,0,4868.702264
550.8249108,60.0,-0.128,0.0,0,4866.602647
551.1355963,60.0,0.19,0.0,0,4869.719567
551.4462818,60.0,0.265,0.0,0,4874.066829
551.7569673,60.0,0.189,0.0,0,4877.167342
552.0676528,60.0,0.259,0.0,0,4881.416107
552.3783383,60.0,0.059,0.0,0,4882.384075
552.6890238,60.0,0.204,0.0,0,4885.730684
552.9997093,60.0,0.387,0.0,0,4892.079225
553.3103948,60.0,0.396,0.001,0,4898.575459
553.6210803,60.0,0.357,0.001,0,4904.432031
553.9317658,60.0,0.437,0.0,0,4911.600746
554.2424513,60.0,0.537,0.064,0,4920.414505
554.5530063,60.0,-0.288,0.837,0,4915.685789
554.862487,60.0,-0.568,1.441,0,4906.396332
555.173139,60.0,-0.14,0.688,0,4904.095808
555.4838245,60.0,-0.126,0.126,0,4902.021165
555.7943155,60.0,-0.014,0.64,0,4901.788059
556.1047425,60.0,0.198,0.688,0,4905.032013
556.415428,60.0,0.209,0.199,0,4908.460207
556.7261135,60.0,0.187,0.0,0,4911.527831
557.036799,60.0,0.242,0.0,0,4915.497656
557.3474845,60.0,0.087,0.249,0,4916.924633
557.6578612,60.0,0.041,0.622,0,4917.604364
557.9684995,60.0,-0.077,0.405,0,4916.342782
558.279185,60.0,-0.031,0.036,0,4915.829576
558.5898698,60.0,-0.11,0.192,0,4914.022502
558.9003124,60.0,0.563,0.617,0,4923.247008
559.2109215,60.0,-0.137,0.476,0,4921.008093
559.521607,60.0,-0.21,0.048,0,4917.562539
559.8322925,60.0,0.642,0.0,0,4928.09404
560.142978,60.0,-0.821,0.024,0,4914.634095
560.4536516,60.0,0.445,0.317,0,4921.939443
560.7640594,60.0,0.262,0.536,0,4926.232526
561.0747449,60.0,0.446,0.242,0,4933.546323
561.3854304,60.0,0.146,0.054,0,4935.942542
561.6958363,50.15428241,0.0,2.272,0,4935.948981
561.8727965,60.0,0.755,0.0,0,4943.002785
562.183482,60.0,-1.383,0.022,0,4920.323042
562.4941675,60.0,-1.138,0.022,0,4901.662325
562.804853,60.0,-0.868,0.047,0,4887.422607
563.1155112,60.0,-1.267,0.141,0,4866.635637
563.4259773,60.0,-0.732,1.308,0,4854.630219
563.7274125,60.0,-1.369,0.367,0,4832.847542
564.0253816,57.29120992,-1.049,1.741,0,4816.351382
564.3360671,60.0,-0.584,0.494,0,4806.76922
564.6460201,60.0,-1.3,0.224,0,4785.500594
564.9511505,60.0,-1.107,1.392,0,4767.658329
565.2388925,60.0,0.026,1.321,0,4768.059799
565.5266345,37.22821227,-2.729,4.123,0,4726.596084
565.8372119,46.90906264,-0.959,2.597,0,4710.863135
566.1351829,38.07413356,-0.761,3.942,0,4698.898095
566.430106,41.00571419,0.068,3.398,0,4699.956486
566.7250292,60.0,-2.729,0.978,0,4657.46256
567.035148,60.0,-0.691,1.277,0,4646.151704
567.2864886,29.10007725,0.135,6.748,0,4647.942723
567.5378291,40.69010122,-3.168,3.451,0,4605.896169
567.8463789,59.44022492,-0.263,1.617,0,4601.616716
568.1554439,60.0,-1.629,0.136,0,4575.037243
568.4605482,52.99363959,-1.151,2.035,0,4556.499918
568.7669867,45.02362099,-1.529,2.819,0,4531.755953
569.0749804,38.35515153,-1.517,3.884,0,4507.084261
569.3840665,60.0,0.266,0.307,0,4511.433021
569.656862,27.33059107,-1.012,7.65,0,4496.855295
569.9334691,60.0,0.021,1.069,0,4497.167606
570.2100761,31.86369956,-2.9,5.628,0,4454.815537
570.5179437,57.33914395,0.048,1.738,0,4455.593843
570.8265873,60.0,-1.368,0.803,0,4433.299955
571.1367031,60.0,-1.079,1.458,0,4415.634265
571.4342931,40.72057902,-0.758,3.446,0,4403.725113
571.7316276,60.0,0.019,0.929,0,4404.016779
572.028962,40.04674657,-1.88,3.563,0,4374.508907
572.309227,27.86121005,-1.294,7.361,0,4355.362141
572.6198261,60.0,-0.984,0.307,0,4339.222665
572.9114685,58.2966769,0.034,1.681,0,4339.740497
573.2031108,57.74380944,-1.818,1.714,0,4311.7414
573.5006274,60.0,0.019,0.967,0,4312.045217
573.798144,60.0,0.019,0.939,0,4312.34013
574.0956606,60.0,-3.725,0.606,0,4253.820007
574.3874427,44.88867217,-0.969,2.836,0,4238.896566
574.6953463,60.0,0.013,0.666,0,4239.112977
575.00325,60.0,-2.301,1.351,0,4201.707693
575.28556,44.71828047,0.057,2.858,0,4202.55958
575.5678699,60.0,-2.738,0.0,0,4161.745945
575.8785554,60.0,-1.09,0.0,0,4143.865373
576.1880622,60.0,-0.941,1.162,0,4128.480779
576.4975957,60.0,-1.136,0.043,0,4109.908829
576.8022321,57.59208743,-0.914,1.723,0,4095.207148
577.111363,51.8407245,-1.083,2.126,0,4077.528556
577.421652,60.0,-1.117,0.608,0,4059.224002
577.7294208,56.49286169,-1.124,1.791,0,4040.957503
578.038323,56.14187911,-1.008,1.813,0,4024.521338
578.3457295,59.50625128,-1.118,1.614,0,4006.377223
578.6531522,59.36606392,-0.936,1.621,0,3991.188367
578.9635711,60.0,-1.093,1.326,0,3973.266761
579.2740112,60.0,-1.073,0.755,0,3955.682993
579.5845432,60.0,-1.203,1.007,0,3935.950923
579.8944035,60.0,-1.189,1.577,0,3916.503062
580.2026495,45.79845375,-1.12,2.724,0,3898.278968
580.5121743,60.0,-0.635,1.571,0,3887.900177
580.8225311,60.0,-0.904,0.956,0,3873.088938
581.1313438,59.8925131,-1.195,1.593,0,3853.611714
581.4420293,60.0,-1.297,0.617,0,3832.340937
581.7522258,60.0,-0.822,0.673,0,3818.880202
582.0621507,60.0,-1.017,1.43,0,3802.238559
582.3726684,60.0,-1.05,0.98,0,3785.023776
582.6833539,60.0,-0.819,0.085,0,3771.583928
582.9940053,60.0,-0.802,0.14,0,3758.424515
583.3045037,49.3861806,-0.714,2.343,0,3746.725527
583.5981531,33.69510364,-0.678,5.033,0,3736.212747
583.9071435,60.0,-0.204,0.339,0,3732.878489
584.2165428,43.94730116,-0.475,2.959,0,3725.118133
584.5182569,39.08863547,0.513,3.74,0,3733.297893
584.8272181,60.0,-1.526,1.344,0,3708.408471
585.1362992,49.11192386,-0.544,2.369,0,3699.536063
585.4377505,37.44500263,0.117,4.075,0,3701.39115
585.7457157,57.37784209,-0.233,1.736,0,3697.608506
586.0553579,60.0,-0.087,0.813,0,3696.184631
586.2534038,60.0,0.184,0.813,0,3698.109856
586.5624004,60.0,-0.075,0.0,0,3696.879542
586.8730859,60.0,-1.183,0.34,0,3677.470081
587.1837714,60.0,-0.207,0.0,0,3674.074419
587.4944569,60.0,-0.798,0.131,0,3660.977557
587.8050268,60.0,-0.777,0.205,0,3648.232968
588.1157117,60.0,-0.854,0.129,0,3634.216962
588.4260505,60.0,-0.869,1.073,0,3619.985433
588.4518785,60.0,-0.508,1.073,0,3619.292927
588.762564,60.0,-0.528,0.0,0,3610.631513
589.0732495,60.0,-0.434,0.0,0,3603.512092
589.383935,60.0,-0.26,0.0,0,3599.247002
589.6946205,60.0,-0.106,0.0,0,3597.508188
590.005306,60.0,-0.148,0.001,0,3595.081094
590.3159915,60.0,-0.074,0.001,0,3593.86804
590.626677,60.0,-0.202,0.0,0,3590.554482
590.9373625,60.0,-0.2,0.0,0,3587.273678
591.248048,60.0,-0.01,0.051,0,3587.110338
591.558631,60.0,-0.073,0.668,0,3585.908177
591.869012,60.0,-0.179,0.724,0,3582.970491
592.1796975,60.0,-0.138,0.106,0,3580.710757
592.490383,60.0,-0.118,0.0,0,3578.775158
592.8010685,60.0,-0.134,0.0,0,3576.577088
593.111754,60.0,-0.084,0.0,0,3575.19923
593.4224395,60.0,-0.262,0.0,0,3570.901429
593.733125,60.0,0.018,0.0,0,3571.196801
594.0438105,60.0,-0.19,0.0,0,3568.080099
594.354496,60.0,-0.076,0.0,0,3566.833478
594.6651815,60.0,-0.198,0.0,0,3563.585543
594.975867,60.0,-0.078,0.0,0,3562.30611
595.2865525,60.0,-0.184,0.0,0,3559.287834
595.597238,60.0,-0.026,0.0,0,3558.861422
595.9079235,60.0,-0.294,0.0,0,3554.038684
596.218609,60.0,-0.054,0.0,0,3553.152957
596.5292945,60.0,-0.08,0.0,0,3551.840717
596.83998,60.0,-0.036,0.0,0,3551.250254
597.1506655,60.0,-0.076,0.004,0,3550.006165
597.461351,60.0,-0.354,0.004,0,3544.201743
597.7720365,60.0,-0.074,0.0,0,3542.987888
598.082722,60.0,-0.268,0.0,0,3538.591658
598.3934075,60.0,0.024,0.0,0,3538.985456
598.704093,60.0,-0.058,0.0,0,3538.034109
599.0147785,60.0,-0.144,0.0,0,3535.672
599.325464,60.0,-0.198,0.0,0,3532.424065
599.6361495,60.0,-0.158,0.0,0,3529.832299
599.946835,60.0,-0.066,0.0,0,3528.749717
600.2575205,60.0,-0.238,0.0,0,3524.845617
600.568206,60.0,-0.124,0.0,0,3522.81159
600.8788915,60.0,-0.154,0.0,0,3520.285441
601.189577,60.0,0.002,0.0,0,3520.318347
601.5002625,60.0,-0.026,0.0,0,3519.891931
601.810948,60.0,-0.144,0.0,0,3517.529821
602.1216335,60.0,-0.158,0.001,0,3514.938481
602.432319,60.0,-0.226,0.004,0,3511.233872
602.7430045,60.0,-0.13,0.003,0,3509.103447
603.05369,60.0,-0.076,0.0,0,3507.856827
603.3643755,60.0,-0.096,0.0,0,3506.282123
603.675061,60.0,-0.102,0.0,0,3504.608984
603.9857465,60.0,-0.216,0.0,0,3501.065769
604.296432,60.0,-0.13,0.0,0,3498.933324
604.6071175,60.0,-0.18,0.0,0,3495.980665
604.917803,60.0,-0.138,0.0,0,3493.716982
605.2284885,60.0,-0.108,0.0,0,3491.945426
605.539174,60.0,-0.14,0.0,0,3489.648934
605.8498595,60.0,-0.07,0.0,0,3488.500735
606.160545,60.0,-0.146,0.005,0,3486.108806
606.4712305,60.0,-0.138,0.005,0,3483.848365
606.781916,60.0,0.022,0.0,0,3484.209416
607.0926015,60.0,-0.112,0.0,0,3482.372242
607.403287,60.0,-0.13,0.0,0,3480.239794
607.7139725,60.0,-0.116,0.002,0,3478.337963
608.024658,60.0,-0.302,0.004,0,3473.386567
608.3353435,60.0,-0.028,0.002,0,3472.928769
608.646029,60.0,-0.11,0.0,0,3471.124408
608.9567145,60.0,-0.174,0.0,0,3468.270167
609.2674,60.0,-0.124,0.0,0,3466.236138
609.5780855,60.0,0.036,0.0,0,3466.826791
609.888771,60.0,-0.176,0.0,0,3463.939698
610.11796,60.0,-0.241,0.0,0,3461.019785
610.3220555,60.0,-0.061,0.0,0,3460.363617
610.632741,60.0,-0.132,0.0,0,3458.198264
610.720199,60.0,-0.171,0.0,0,3457.410862
611.0308845,60.0,-0.218,0.0,0,3453.834748
611.34157,60.0,-0.054,0.0,0,3452.948992
611.6522555,60.0,-0.026,0.0,0,3452.522574
611.962941,60.0,-0.38,0.0,0,3446.289074
612.2736265,60.0,-0.142,0.0,0,3443.959778
612.584312,60.0,-0.084,0.0,0,3442.581921
612.8949975,60.0,-0.086,0.0,0,3441.171255
613.205683,60.0,-0.19,0.0,0,3438.054552
613.5163685,60.0,-0.124,0.0,0,3436.020527
613.827054,60.0,-0.022,0.0,0,3435.659733
614.1377395,60.0,-0.206,0.0,0,3432.280564
614.448425,60.0,-0.088,0.0,0,3430.837087
614.7591105,60.0,-0.218,0.0,0,3427.261069
615.069796,60.0,-0.02,0.0,0,3426.933083
615.3804815,60.0,-0.064,0.0,0,3425.883308
615.691167,60.0,-0.218,0.0,0,3422.307289
616.0018525,60.0,-0.004,0.002,0,3422.242833
616.312538,60.0,-0.016,0.004,0,3421.983127
616.6232235,60.0,-0.196,0.002,0,3418.769409
616.933909,60.0,-0.178,0.0,0,3415.84956
617.2445945,60.0,-0.212,0.0,0,3412.371964
617.55528,60.0,-0.022,0.0,0,3412.011164
617.8659655,60.0,-0.168,0.0,0,3409.255358
618.176651,60.0,-0.204,0.0,0,3405.908998
618.4873365,60.0,-0.222,0.0,0,3402.267372
618.798022,60.0,-0.002,0.0,0,3402.234653
619.1087075,60.0,-0.122,0.0,0,3400.233431
619.419393,60.0,-0.242,0.0,0,3396.263726
619.7300785,60.0,-0.066,0.0,0,3395.181124
620.040764,60.0,-0.134,0.0,0,3392.983052
620.3514495,60.0,-0.122,0.0,0,3390.981848
620.662135,60.0,-0.104,0.005,0,3389.279111
620.9728205,60.0,-0.198,0.005,0,3386.034473
621.283506,60.0,-0.256,0.0,0,3381.835031
621.5941915,60.0,-0.03,0.0,0,3381.342993
621.904877,60.0,-0.108,0.0,0,3379.571377
622.2155625,60.0,-0.09,0.0,0,3378.095096
622.526248,60.0,-0.174,0.0,0,3375.240886
622.8369335,60.0,0.01,0.0,0,3375.405045
623.147619,60.0,-0.356,0.0,0,3369.565235
623.4583045,60.0,0.004,0.0,0,3369.630918
623.76899,60.0,-0.158,0.0,0,3367.039161
624.0796755,60.0,-0.054,0.0,0,3366.153444
624.390361,60.0,-0.098,0.002,0,3364.547402
624.7010465,60.0,-0.258,0.003,0,3360.317331
625.011732,60.0,-0.054,0.001,0,3359.432053
625.3224175,60.0,-0.244,0.0,0,3355.42953
625.633103,60.0,0.0,0.0,0,3355.429655
625.9437885,60.0,0.0,0.0,0,3355.429726
626.254474,60.0,-0.306,0.0,0,3350.410097
626.5651595,60.0,-0.002,0.0,0,3350.377405
626.875845,60.0,-0.206,0.002,0,3346.999398
627.1865305,60.0,-0.098,0.004,0,3345.394139
627.497216,60.0,-0.304,0.002,0,3340.408253
627.8079015,60.0,0.0,0.0,0,3340.408345
628.118587,60.0,-0.178,0.0,0,3337.488498
628.4292725,60.0,-0.126,0.0,0,3335.421671
628.739958,60.0,-0.122,0.0,0,3333.420447
629.0506435,60.0,-0.122,0.0,0,3331.419233
629.361329,60.0,-0.062,0.0,0,3330.402269
629.6720145,60.0,-0.184,0.001,0,3327.384373
629.9827,60.0,-0.12,0.003,0,3325.417921
630.2933855,60.0,-0.064,0.002,0,3324.369539
630.604071,60.0,-0.056,0.0,0,3323.450988
630.9147565,60.0,-0.186,0.0,0,3320.399888
631.225442,60.0,0.012,0.294,0,3320.593118
631.5356403,60.0,-0.792,0.521,0,3307.614466
631.8463258,60.0,0.517,0.226,0,3316.096021
632.1570113,60.0,-0.244,0.0,0,3312.093451
632.4676968,60.0,-0.06,0.0,0,3311.109255
632.7783823,60.0,0.0,0.0,0,3311.109334
633.0890678,60.0,0.0,0.0,0,3311.1094
633.3997533,60.0,-0.306,0.0,0,3306.089786
633.7104388,60.0,0.0,0.0,0,3306.089853
634.0211243,60.0,-0.304,0.0,0,3301.103044
634.3318098,60.0,-0.004,0.0,0,3301.037497
634.6424953,60.0,-0.302,0.0,0,3296.083497
634.9531808,60.0,0.0,0.0,0,3296.083563
635.2638663,60.0,-0.39,0.0,0,3289.685996
635.5745518,60.0,-0.098,0.0,0,3288.078452
635.8852373,60.0,0.0,0.0,0,3288.07852
636.1959228,60.0,-0.122,0.0,0,3286.077276
636.5066083,60.0,0.0,0.0,0,3286.077345
636.8172938,60.0,0.0,0.0,0,3286.077411
637.1279793,60.0,0.0,0.0,0,3286.077477
637.4386648,60.0,0.004,0.0,0,3286.143363
637.7493503,60.0,-0.556,0.002,0,3277.02408
638.0600358,60.0,-0.058,0.002,0,3276.073749
638.3707213,60.0,-0.304,0.0,0,3271.086941
638.6814068,60.0,-0.184,0.0,0,3268.068637
638.9920923,60.0,-0.06,0.0,0,3267.084453
639.3027778,60.0,0.0,0.0,0,3267.08452
639.6134633,60.0,0.0,0.009,0,3267.090723
639.9241488,60.0,-0.062,0.005,0,3266.07698
640.2348331,60.0,0.003,0.021,0,3266.123887
640.5455173,60.0,-0.002,0.004,0,3266.093869
640.8562028,60.0,0.001,0.013,0,3266.102226
641.1668883,60.0,-0.264,0.0,0,3261.771586
641.4775738,60.0,-0.276,0.0,0,3257.244096
641.7882593,60.0,-0.07,0.0,0,3256.09587
642.0989448,60.0,0.062,0.001,0,3257.113835
642.4096303,60.0,-0.028,0.003,0,3256.656566
642.7203158,60.0,0.238,0.002,0,3260.561841
643.0310013,60.0,-0.272,0.0,0,3256.099968
643.3416868,60.0,-0.252,0.0,0,3251.966177
643.6523723,60.0,-0.42,0.0,0,3245.076482
643.9630578,60.0,-0.06,0.0,0,3244.0923
644.2737433,60.0,-0.062,0.0,0,3243.075309
644.5844288,60.0,-0.122,0.0,0,3241.074061
644.8951143,60.0,-0.304,0.0,0,3236.087252
645.2057998,60.0,0.0,0.0,0,3236.087322
645.5164853,60.0,-0.182,0.0,0,3233.101826
645.8271708,60.0,-0.366,0.0,0,3227.097959
646.1378563,60.0,-0.062,0.009,0,3226.087124
646.4485412,60.0,-0.244,0.012,0,3222.092614
646.7592267,60.0,-0.121,0.032,0,3220.112408
647.0698209,60.0,-0.212,0.812,0,3216.642229
647.3793686,60.0,0.119,1.416,0,3218.584732
647.6900454,60.0,-0.036,0.641,0,3217.988265
648.0007309,60.0,0.001,0.017,0,3217.999326
648.0145499,60.0,0.001,0.017,0,3217.999818
648.3252354,60.0,0.0,0.0,0,3217.999818
648.6359209,60.0,0.0,0.0,0,3217.999821
648.9466064,60.0,-0.256,0.0,0,3213.800351
649.2572919,60.0,-0.17,0.0,0,3211.01164
649.5679774,60.0,0.0,0.0,0,3211.011643
649.8159019,60.0,-0.078,0.0,0,3209.994585
650.1265874,60.0,0.122,0.0,0,3211.995897
650.4372729,60.0,-0.122,0.001,0,3209.994958
650.7479584,60.0,-0.122,0.0,0,3207.99365
651.0586439,60.0,-0.304,0.0,0,3203.006809
651.3477312,60.0,-0.327,0.0,0,3198.019966
651.6584167,60.0,0.0,0.0,0,3198.019966
651.9691022,60.0,0.0,0.0,0,3198.019969
652.2797877,60.0,0.0,0.0,0,3198.019971
652.5904732,60.0,0.0,0.0,0,3198.019974
652.9011587,60.0,0.0,0.0,0,3198.019977
653.2118442,60.0,-0.116,0.0,0,3196.117094
653.5225297,60.0,-0.372,0.0,0,3190.014736
653.8332152,60.0,-0.25,0.003,0,3185.915804
654.1439007,60.0,0.128,0.003,0,3188.017745
654.3803398,60.0,0.0,0.003,0,3188.019423
654.6910253,60.0,0.0,0.0,0,3188.019423
655.0017108,60.0,-0.428,0.0,0,3180.99843
655.3123963,60.0,0.192,0.0,0,3184.148038
655.6230818,60.0,-0.376,0.0,0,3177.980065
655.9337673,60.0,0.0,0.0,0,3177.980067
656.2444528,60.0,-0.122,0.0,0,3175.978758
656.5551383,60.0,-0.408,0.0,0,3169.28585
656.8658238,60.0,-0.08,0.0,0,3167.973517
657.1765093,60.0,0.0,0.0,0,3167.97352
657.4871948,60.0,0.0,0.0,0,3167.973523
657.7978803,60.0,-0.118,0.0,0,3166.037831
658.1085658,60.0,-0.368,0.0,0,3160.00109
658.4192513,60.0,-0.112,0.001,0,3158.16437
658.7299368,60.0,-0.01,0.001,0,3158.001264
659.0406223,60.0,0.0,0.001,0,3158.001651
659.3513078,60.0,-0.242,0.0,0,3154.031839
659.6619933,60.0,-0.246,0.002,0,3149.997721
659.9726788,60.0,-0.122,0.004,0,3147.999299
660.2833643,60.0,0.0,0.002,0,3148.000869
660.5940498,60.0,0.0,0.0,0,3148.000872
660.9047353,60.0,-0.366,0.0,0,3141.996939
661.2154208,60.0,-0.062,0.0,0,3140.979882
661.5261063,60.0,-0.06,0.0,0,3139.995633
661.8367918,60.0,-0.112,0.0,0,3138.158366
662.1474773,60.0,-0.012,0.0,0,3137.961519
662.4581628,60.0,0.0,0.0,0,3137.961522
662.7688483,60.0,-0.37,0.007,0,3131.896873
663.0795338,60.0,-0.238,0.009,0,3127.998584
663.3902193,60.0,0.0,0.006,0,3128.002799
663.7009048,60.0,0.0,0.01,0,3128.00919
664.0115903,60.0,0.0,0.002,0,3128.010357
664.3222758,60.0,0.0,0.0,0,3128.01036
664.6329613,60.0,-0.368,0.0,0,3121.973618
664.9436468,60.0,-0.12,0.0,0,3120.005118
665.2543323,60.0,-0.062,0.0,0,3118.98806
665.5650178,60.0,-0.06,0.0,0,3118.003812
665.8757033,60.0,-0.248,0.0,0,3113.935575
666.1863888,60.0,-0.236,0.0,0,3110.064188
666.4970743,60.0,0.058,0.0,0,3111.015634
666.8077598,60.0,-0.062,0.0,0,3109.998576
667.1184453,60.0,-0.122,0.0,0,3107.997267
667.4291308,60.0,0.0,0.0,0,3107.99727
667.7398163,60.0,-0.086,0.0,0,3106.586513
668.0505018,60.0,-0.524,0.0,0,3097.990718
668.3611873,60.0,0.0,0.0,0,3097.99072
668.6718728,60.0,0.094,0.0,0,3099.532717
668.9825583,60.0,-0.096,0.0,0,3097.957917
669.2932438,60.0,-0.098,0.0,0,3096.350309
669.6039293,60.0,0.098,0.002,0,3097.959317
669.9146117,60.0,-0.235,0.214,0,3094.097172
670.2252518,60.0,-0.05,0.258,0,3093.282135
670.5359373,60.0,0.002,0.04,0,3093.308242
670.8466222,60.0,-0.036,0.011,0,3092.724706
671.1573077,60.0,-0.268,0.005,0,3088.331367
671.4679932,60.0,0.0,0.0,0,3088.331376
671.7786787,60.0,-0.306,0.0,0,3083.311701
672.0893642,60.0,0.001,0.027,0,3083.32941
672.400046,60.0,0.002,0.001,0,3083.363163
672.7107315,60.0,-0.245,0.026,0,3079.344504
673.021417,60.0,-0.059,0.019,0,3078.372911
673.3320888,60.0,0.022,0.544,0,3078.729729
673.6424773,60.0,-0.28,0.655,0,3074.139175
673.9531628,60.0,0.005,0.13,0,3074.224149
674.2638483,60.0,-0.102,0.0,0,3072.550922
674.5745338,60.0,-0.202,0.0,0,3069.237275
674.8852193,60.0,0.0,0.0,0,3069.237275
675.1959048,60.0,-0.184,0.0,0,3066.218904
675.5065903,60.0,-0.056,0.0,0,3065.300269
675.8172758,60.0,-0.066,0.0,0,3064.217593
676.1279613,60.0,-0.244,0.0,0,3060.214969
676.4386468,60.0,-0.06,0.001,0,3059.231274
676.7493323,60.0,-0.124,0.002,0,3057.198774
677.0600178,60.0,-0.182,0.002,0,3054.214273
677.3707033,60.0,0.0,0.0,0,3054.214273
677.6813888,60.0,0.0,0.0,0,3054.214274
677.9920743,60.0,-0.248,0.0,0,3050.146034
678.3027598,60.0,-0.056,0.0,0,3049.2274
678.6134453,60.0,0.0,0.0,0,3049.2274
678.9241308,60.0,-0.228,0.0,0,3045.487244
679.2348163,60.0,-0.078,0.0,0,3044.207717
679.5455018,60.0,0.0,0.009,0,3044.213882
679.8561866,60.0,0.001,0.014,0,3044.223115
680.1668721,60.0,-0.3,0.098,0,3039.300598
680.47747,60.0,0.007,0.167,0,3039.410034
680.7881555,60.0,-0.177,0.073,0,3036.505424
681.098841,60.0,-0.064,0.0,0,3035.455557
681.4095265,60.0,-0.07,0.0,0,3034.307265
681.720212,60.0,-0.296,0.0,0,3029.451626
682.0308975,60.0,0.0,0.0,0,3029.451628
682.341583,60.0,0.0,0.0,0,3029.451629
682.6522685,60.0,0.0,0.0,0,3029.451632
682.962954,60.0,-0.242,0.0,0,3025.481819
683.2736395,60.0,-0.064,0.0,0,3024.431952
683.584325,60.0,0.0,0.0,0,3024.431954
683.8950105,60.0,-0.298,0.0,0,3019.543507
684.205696,60.0,-0.006,0.0,0,3019.445084
684.5163815,60.0,0.0,0.0,0,3019.445086
684.827067,60.0,-0.306,0.0,0,3014.425404
685.1377525,60.0,0.0,0.0,0,3014.425406
685.448438,60.0,0.0,0.0,0,3014.425408
685.7591235,60.0,-0.304,0.0,0,3009.438536
686.069809,60.0,-0.058,0.0,0,3008.487094
686.3804945,60.0,-0.246,0.0,0,3004.451664
686.69118,60.0,0.0,0.0,0,3004.451887
687.0018655,60.0,-0.244,0.005,0,3000.452397
687.3125504,60.0,-0.061,0.028,0,2999.453464
687.6232328,60.0,0.0,0.003,0,2999.455353
687.9339183,60.0,0.001,0.026,0,2999.472462
688.2446038,60.0,-0.059,0.019,0,2998.500462
688.5552868,60.0,-0.178,0.005,0,2995.584095
688.8659698,60.0,-0.065,0.021,0,2994.515189
689.1766553,60.0,0.0,0.008,0,2994.520287
689.4873408,60.0,-0.592,0.0,0,2984.809006
689.7980263,60.0,0.419,0.037,0,2991.690096
690.1087044,60.0,-0.127,0.078,0,2989.608791
690.419388,60.0,0.002,0.047,0,2989.639679
690.7300735,60.0,-0.428,0.006,0,2982.622471
691.040759,60.0,0.062,0.0,0,2983.639532
691.3514445,60.0,-0.122,0.004,0,2981.641156
691.6621275,60.0,-0.088,0.345,0,2980.194463
691.9719251,60.0,0.022,1.053,0,2980.555532
692.2825659,60.0,0.03,0.741,0,2981.041494
692.5932514,60.0,0.001,0.031,0,2981.061902
692.9039369,60.0,0.0,0.0,0,2981.061902
693.2146224,60.0,-0.502,0.0,0,2972.826997
693.5253079,60.0,0.13,0.0,0,2974.959542
693.8359934,60.0,-0.238,0.0,0,2971.055344
694.1466789,60.0,-0.056,0.0,0,2970.136786
694.4573644,60.0,-0.242,0.139,0,2966.160048
694.7678274,60.0,-0.061,0.024,0,2965.158995
694.9396881,60.0,-0.111,0.024,0,2964.150796
