yNum,Yard,nLinks,State,OneNode,Lon,Lat,include
1,12TH STREET,3,MO,374765,-94.605093,39.086233,TRUE
2,14TH ST,1,IL,414686,-87.637037,41.859032,TRUE
3,14TH ST COACH,1,IL,414657,-87.638626,41.878621,TRUE
4,17TH STREET,1,IL,402939,-89.190205,37.014645,TRUE
5,19TH STREET,1,MO,374778,-94.60412,39.08719,TRUE
6,1TH ST,1,IL,415592,-87.557955,41.703118,TRUE
7,22ND ST,1,IL,413541,-87.739902,41.864174,TRUE
8,22ND STREET YARD,1,CA,325944,-117.158722,32.706179,TRUE
9,23rd STREET,1,MO,394733,-90.235142,38.629342,TRUE
10,26TH ST,1,IL,414843,-87.625649,41.491234,TRUE
11,28TH STREET,3,IA,364064,-96.392114,42.493638,TRUE
12,65TH STREET,2,NY,489844,-74.026172,40.640288,TRUE
13,8TH AVENUE,3,TX,357875,-97.353515,32.700883,TRUE
14,8TH STREET YARD,1,NE,366354,-95.915978,41.228148,TRUE
15,9TH STREET YARD (UP),1,TX,358460,-97.321273,32.747018,TRUE
16,ABERDEEN,1,SD,352304,-98.49813,45.465669,TRUE
17,ADAMS ST,1,IL,400579,-89.654949,40.673086,TRUE
18,ADDIS,1,LA,388609,-91.531513,30.503252,TRUE
19,AIRLINE YARD,1,WI,411612,-87.957423,42.996913,TRUE
20,ALBANY,2,GA,434681,-84.151626,31.586419,TRUE
21,ALBANY YARD,4,OR,301654,-123.108231,44.368286,TRUE
22,"Albany, NY - Mechanicville",1,NY,491114,-73.735926,42.920959,TRUE
23,ALBINA YARD,1,OR,304311,-122.708032,45.568047,TRUE
24,"Albuquerque, NM",2,NM,338727,-106.617666,35.175605,TRUE
25,ALBUQUERQUE-ABAJO,1,NM,338727,-106.617666,35.175605,TRUE
26,ALEXANDRIA,2,LA,385261,-92.434482,31.250628,TRUE
27,ALFALFA,1,TX,340024,-105.357638,31.175957,TRUE
28,"Alliance, TX",3,TX,354409,-97.942887,32.93523,TRUE
29,ALTOONA,1,PA,470478,-78.402938,40.513366,TRUE
30,ALTURAS YARD,1,CA,315657,-120.537123,41.329702,TRUE
31,AMARILLO,23,TX,346539,-101.826707,35.210466,TRUE
32,AMORY,1,MS,407672,-88.482646,33.974747,TRUE
33,ANCHORAGE,2,LA,389816,-91.213249,30.482676,TRUE
34,ANDOVOER,1,VA,443067,-82.785074,36.983932,TRUE
35,APM Termianls Pacific (Berths 4-46),1,CA,321254,-118.238997,33.731678,TRUE
36,Appalachian Regional Port (ARP),2,GA,430624,-84.736893,34.988098,TRUE
37,"Arcadia, WI",3,WI,388378,-91.595558,43.873897,TRUE
38,ARGO,1,IL,413038,-87.821529,41.780367,TRUE
39,ARGO Yard,3,WA,307602,-122.336823,47.553137,TRUE
40,ARKANSAS CITY,1,OK,360030,-97.039469,36.998983,TRUE
41,ARMOURDALE,1,KS,374421,-94.632146,39.090826,TRUE
42,ARTESIA,2,MS,406424,-88.643926,33.404118,TRUE
43,ASHBY,1,IN,417771,-87.347352,38.333707,TRUE
44,ASHTABULA,1,OH,453414,-81.140273,41.756902,TRUE
45,ATKINSON NORTH,1,KY,416165,-87.493852,37.363226,TRUE
46,"Atlanta, GA - Austell",3,GA,429062,-85.148501,33.719851,TRUE
47,"Atlanta, GA - Hulsey",1,GA,432845,-84.420685,33.724179,TRUE
48,"Atlanta, GA - Inman",3,GA,432520,-84.463715,33.798314,TRUE
49,ATWOOD,1,MI,438090,-83.540544,42.526929,TRUE
50,AUBURN YARD,3,WA,309220,-122.231937,47.299076,TRUE
51,AUGUSTA (NS),1,GA,447692,-81.97802,33.45479,TRUE
52,AVONDALE,1,MO,375008,-94.579062,39.122459,TRUE
53,AVONDALE (UP),1,LA,394609,-90.243313,29.932478,TRUE
54,"Ayer, MA",3,MA,493527,-71.801346,42.301752,TRUE
55,BAD AXE,1,MI,441862,-82.991429,43.811468,TRUE
56,BAINBRIDGE,1,FL,431384,-84.584444,30.910996,TRUE
57,BAKER,1,IN,416970,-87.399188,39.482244,TRUE
58,BAKER STREET,1,NY,475887,-77.053803,42.160146,TRUE
59,BAKERSFIELD YARD,3,CA,319281,-119.06014,35.374368,TRUE
60,BALDWIN,1,FL,447715,-81.976404,30.297086,TRUE
61,BALMER YARD,1,WA,305973,-122.404402,47.67939,TRUE
62,"Baltimore, MD",2,MD,478836,-76.56066,39.27586,TRUE
63,"Baltimore, MD - Seagirt Marine Terminal",3,MD,478903,-76.55189,39.249573,TRUE
64,Balzano Marine Terminal,3,NJ,484808,-75.131615,39.933938,TRUE
65,Barbours Cut Container Terminal,1,TX,371984,-95.036784,29.686781,TRUE
66,BARNES YARD,1,OR,303975,-122.729253,45.597982,TRUE
67,BARR,1,IL,414288,-87.670448,41.647719,TRUE
68,BARSTOW YARD,5,CA,326109,-117.093317,34.891696,TRUE
69,BATON ROUGE,1,LA,390012,-91.186564,30.486867,TRUE
70,BAYOU CASSOTTE,1,MS,407269,-88.52524,30.378579,TRUE
71,BAYSIDE COAL,1,MD,478644,-76.586716,39.231861,TRUE
72,BAYSIDE YARD,1,WA,309302,-122.227268,47.972029,TRUE
73,BAYVIEW (NS),1,MD,478906,-76.550911,39.29711,TRUE
74,BAYVIEW INTERMODAL,1,MD,478861,-76.55726,39.29224,TRUE
75,BEAR CAR SHOP,3,DE,482166,-75.695522,39.60179,TRUE
76,BEAUMONT,2,TX,377781,-94.113971,30.091625,TRUE
77,BELEN,4,NM,338379,-106.773086,34.633811,TRUE
78,BELLOWS FALLS,1,NH,492858,-72.441214,43.136299,TRUE
79,BELPRE,1,OH,450827,-81.574474,39.277478,TRUE
80,BENICIA YARD,1,CA,309942,-122.139742,38.043575,TRUE
81,BENNETT,1,SC,461155,-80.013207,32.860325,TRUE
82,BENSENVILLE,1,IL,411811,-87.933837,41.955784,TRUE
83,BERKLEY,1,VA,480224,-76.284451,36.814856,TRUE
84,"Bessemer, AL - Central Alabama ICTF (CAICTF)",3,AL,419759,-86.964789,33.404997,TRUE
85,"Bethlehem, PA",1,PA,483791,-75.337394,40.604732,TRUE
86,BEVERLY,1,IA,387801,-91.773862,41.92057,TRUE
87,BEVIER STREET,3,NY,481541,-75.894376,42.108847,TRUE
88,BIDDLE,1,AR,385702,-92.284607,34.713557,TRUE
89,BINGHAMTON,2,NY,481468,-75.919268,42.104099,TRUE
90,"Birmingham, AL",3,AL,418508,-87.213603,33.303419,TRUE
91,BISON,1,NY,469419,-78.758113,42.895904,TRUE
92,BLAIR,1,OH,438999,-83.404582,41.154969,TRUE
93,Blount Island Marine Terminal,3,FL,450982,-81.557502,30.397899,TRUE
94,"Blue Island, IL",3,IL,414215,-87.676189,41.655761,TRUE
95,BOGALUSA,1,LA,399736,-89.799004,31.002027,TRUE
96,BOOTH,2,TX,369967,-95.293724,29.739788,TRUE
97,BOSSIER,1,LA,379377,-93.739223,32.516203,TRUE
98,BOULEVARD,1,OH,438372,-83.506302,41.690841,TRUE
99,BOUND BROOK,1,NJ,486376,-74.534828,40.559588,TRUE
100,BOYLES,1,AL,421508,-86.789792,33.55053,TRUE
101,BRILLS,1,NJ,488045,-74.178655,40.714207,TRUE
102,BRODERICK YARD,1,CA,312588,-121.517196,38.582933,TRUE
103,BROOKLYN,1,IL,395814,-90.17169,38.658513,TRUE
104,BROOKLYN YARD,1,OR,304906,-122.659571,45.506579,TRUE
105,BROSNAN,2,GA,437595,-83.627845,32.793138,TRUE
106,BROWNVILLE,3,ME,496076,-69.074978,45.34736,TRUE
107,BROWNWOOD,1,TX,351143,-98.990368,31.713131,TRUE
108,BRUNSWICK (CSXT),3,GA,451494,-81.50107,31.187817,TRUE
109,BUCKEYE,3,OH,440688,-83.138736,39.962708,TRUE
110,BUFFALO CREEK,1,NY,468675,-78.842505,42.846861,TRUE
111,BUFFALO S K,2,NY,468820,-78.834798,42.876299,TRUE
112,"Buffalo, NY",1,NY,469323,-78.771552,42.895144,TRUE
113,BURLINGTON,2,IA,390245,-91.146744,40.79767,TRUE
114,BURLINGTON YARD,1,WA,307838,-122.328121,48.469693,TRUE
115,BURNHAM,1,IL,415953,-87.525345,41.646256,TRUE
116,Butler Intermodal Terminal,1,IA,384389,-92.675542,42.78163,TRUE
117,BUTLER SHOPS,1,PA,463403,-79.869974,40.869295,TRUE
118,C J,1,TX,361425,-96.80229,32.770786,TRUE
119,C&O,1,OH,438980,-83.406579,41.149503,TRUE
120,CALIFORNIA AVE,3,IL,413938,-87.70114,41.88829,TRUE
121,CALUMET,1,IL,415318,-87.587601,41.722828,TRUE
122,CAMAK,1,GA,443704,-82.659244,33.45008,TRUE
123,CAMPBELL,1,OH,449285,-81.739061,41.459011,TRUE
124,CAMPO YARD,1,AZ,332280,-112.153575,33.444144,TRUE
125,CANAL ST,1,IL,414689,-87.637002,41.853781,TRUE
126,CANANN,1,CT,491587,-73.329276,42.02676,TRUE
127,CAPE GIRARDEAU,1,MO,401493,-89.535861,37.273021,TRUE
128,CARGILL EDDYVILLE,1,IA,384426,-92.66462,41.13018,TRUE
129,CARLING,1,NE,361539,-96.77945,40.807736,TRUE
130,CAROLINE,1,VA,480334,-76.263637,36.814711,TRUE
131,CARRIE AVE,1,MO,394816,-90.225745,38.700193,TRUE
132,CARROLLTON,4,TX,360743,-96.907019,32.95616,TRUE
133,CARTHAGE,2,MO,375992,-94.454417,37.147404,TRUE
134,CAYCE,1,SC,453864,-81.059935,33.918267,TRUE
135,CBGR (WAB) YARD,1,IA,366887,-95.850561,41.245413,TRUE
136,CEDAR HILL,1,CT,492186,-72.897745,41.31928,TRUE
137,CEDAR RAPIDS,1,IA,388144,-91.668447,41.981902,TRUE
138,CEDAR RAPIDS SHOPS (CIC),1,IA,388049,-91.684788,41.936858,TRUE
139,CENTRAL POINTE,3,TX,357917,-97.350378,31.127042,TRUE
140,CENTRALIA (BNSF),1,IL,403176,-89.135585,38.530977,TRUE
141,CEREDO,1,WV,444491,-82.535742,38.395343,TRUE
142,CHADRON,1,NE,344388,-103.091681,42.859205,TRUE
143,"Chambersburg, PA",1,MD,473171,-77.678247,39.720855,TRUE
144,CHAMPAIGN,1,IL,409331,-88.237475,40.123716,TRUE
145,"Charleston, SC",2,SC,461276,-79.997684,32.865725,TRUE
146,CHARLOTTE,3,NC,454734,-80.89641,35.222481,TRUE
147,Charlotte Inland Port (CIP),3,NC,454287,-80.969043,35.272422,TRUE
148,"Charlotte, NC",1,NC,454002,-81.024095,35.237989,TRUE
149,CHEROKEE,3,OK,365206,-96.101863,36.025203,TRUE
150,CHESAPEAKE,3,VA,479929,-76.329692,36.826319,TRUE
151,CHEVRON YARD,1,CA,305777,-122.417171,37.962587,TRUE
152,CHEYENNE (UP),1,WY,341278,-104.868626,41.111259,TRUE
153,"Chiacgo, IL - Dolton (Yard Center)",3,IL,414946,-87.616053,41.638221,TRUE
154,CHICAGO HEIGHTS AUTO TERM,1,IL,414941,-87.616843,41.531633,TRUE
155,"Chicago, IL -  59th Street",3,IL,414165,-87.679943,41.802033,TRUE
156,"Chicago, IL -  Bedford Park",1,IL,413229,-87.786291,41.762935,TRUE
157,"Chicago, IL - 14th Street (Global I)",1,IL,414114,-87.683647,41.858282,TRUE
158,"Chicago, IL - 47th Street",3,IL,414712,-87.636114,41.817725,TRUE
159,"Chicago, IL - 63rd Street",2,IL,414644,-87.639358,41.764848,TRUE
160,"Chicago, IL - Calumet",2,IL,415432,-87.575652,41.669007,TRUE
161,"Chicago, IL - Cicero",2,IL,412783,-87.849906,41.820671,TRUE
162,"Chicago, IL - Franklin Park (Bensenville Intermodal Terminal)",2,IL,412570,-87.865474,41.936195,TRUE
163,"Chicago, IL - Harvey (Gateway)",3,IL,414587,-87.644095,41.607255,TRUE
164,"Chicago, IL - Joliet (Global IV)",3,IL,409799,-88.166827,41.428524,TRUE
165,"Chicago, IL - Landers",3,IL,413832,-87.713583,41.757488,TRUE
166,"Chicago, IL - Logistics Park Chicago (LPC)",2,IL,409793,-88.168216,41.407493,TRUE
167,"Chicago, IL - Rochelle (Global III)",3,IL,403064,-89.151962,41.890068,TRUE
168,"Chicago, IL - Willow Springs",3,IL,411521,-87.971031,41.695051,TRUE
169,"Chippewa Falls, WI",4,WI,384104,-92.745619,44.821405,TRUE
170,"Cincinnati, OH - Gest Street",2,OH,431791,-84.539871,39.09758,TRUE
171,"Cincinnati, OH - Queensgate Yard",1,OH,431743,-84.542356,39.102256,TRUE
172,"Cincinnati, OH - Sharonville",3,OH,432709,-84.435452,39.253883,TRUE
173,CLAIRTON,1,PA,461697,-79.962507,40.280781,TRUE
174,CLEARING,4,IL,413159,-87.801067,41.76556,TRUE
175,"Cleveland, OH - Collinwood Yard",3,OH,450088,-81.649679,41.479204,TRUE
176,CLIFTON FORGE,1,VA,461348,-79.990567,37.784837,TRUE
177,CLINTON,2,IA,394637,-90.241659,41.809239,TRUE
178,CLOVIS,1,NM,343944,-103.240371,34.399609,TRUE
179,CN Duluth Intermodal Terminal,1,MN,386245,-92.158219,46.734314,TRUE
180,"Cocoa, FL",1,FL,455995,-80.697404,28.64506,TRUE
181,COGEN LEAD,1,VA,474381,-77.433344,37.455471,TRUE
182,COI INTERMODAL TERMINAL YARD,1,CA,323413,-117.999797,34.052454,TRUE
183,COIL,1,WV,456543,-80.605192,40.380297,TRUE
184,COLEHOUR,2,IL,416064,-87.514674,41.695448,TRUE
185,COLLIER,2,IL,400598,-89.652968,37.177948,TRUE
186,COLTON YARD,4,CA,325374,-117.326323,34.064814,TRUE
187,COLUMBUS,3,GA,373102,-94.836547,32.465814,TRUE
188,"Columbus, OH",3,OH,442218,-82.952172,39.534304,TRUE
189,"Columbus, OH - Buckeye Yard",2,OH,440877,-83.126794,40.009884,TRUE
190,COMMERCE YARD,3,CA,322821,-118.148409,33.989875,TRUE
191,CONEMAUGH,2,PA,467833,-78.917641,40.328859,TRUE
192,CONNELLSVILLE,1,PA,465526,-79.593335,39.996715,TRUE
193,CONNELLY,1,PA,463048,-79.881507,40.28197,TRUE
194,Container Terminal,3,AL,410756,-88.046343,30.665745,TRUE
195,Container Terminal (South Gate),1,NC,472380,-77.950087,34.208233,TRUE
196,CONWAY,4,PA,458878,-80.258207,40.639735,TRUE
197,CORVALLIS YARD,3,OR,301110,-123.268666,44.557649,TRUE
198,CORWITH,2,IL,413813,-87.714283,41.817583,TRUE
199,COUNCIL BLUFFS,4,IA,366762,-95.86742,41.268296,TRUE
200,COUNCIL BLUFFS POOL,2,IA,366582,-95.892793,41.250047,TRUE
201,"Council Bluffs, IA",3,IA,366883,-95.850787,41.230889,TRUE
202,CRESTLINE TRIPLE CROWN,1,OH,443335,-82.739426,40.782132,TRUE
203,CREWE,1,VA,471256,-78.205198,37.187902,TRUE
204,CROXTON,1,NJ,489471,-74.080612,40.785127,TRUE
205,CROXTON (NYSW),1,NJ,489665,-74.058969,40.753222,TRUE
206,"Croxton, NJ",3,NJ,489616,-74.06726,40.742857,TRUE
207,CURTIS BAY,1,MD,478644,-76.586716,39.231861,TRUE
208,DALLAS IMF (KCS),1,TX,361928,-96.7349,32.773448,TRUE
209,DALLAS ST,28,TX,338872,-106.500971,31.757958,TRUE
210,"Dallas, TX - Mesquite",2,TX,361732,-96.755827,32.740864,TRUE
211,"Dallas, TX - Wilmer (Dallas Intermodal Terminal)",1,TX,361485,-96.78859,32.68283,TRUE
212,Dames Point Marine Terminal,1,FL,450913,-81.564355,30.432568,TRUE
213,DAVIS,1,NC,471573,-78.080061,34.286191,TRUE
214,DAVIS YARD,6,CA,312903,-121.408742,38.635495,TRUE
215,DEBUTTS,1,TN,428714,-85.240333,35.087402,TRUE
216,DECATUR (CN),2,IL,404346,-88.945754,39.863439,TRUE
217,DECATUR (CSXT),1,IL,404388,-88.940525,39.847582,TRUE
218,DECATUR (NS),1,IL,404400,-88.937906,39.848547,TRUE
219,"Decatur, IL - ADM Intermodal Ramp (Midwest Inland Port)",1,IL,404445,-88.93133,39.87348,TRUE
220,Deep Water Port (West Pier Terminal),1,MS,403476,-89.094806,30.366052,TRUE
221,DEFIANCE (NDR),1,OH,433344,-84.367508,41.285033,TRUE
222,DELTA,2,CO,337525,-108.080633,38.73945,TRUE
223,DELTA YARD,1,WA,309653,-122.18897,48.013315,TRUE
224,DEMMLER,3,PA,463830,-79.85329,40.352885,TRUE
225,"Denver, CO",1,CO,340917,-104.963373,39.775521,TRUE
226,"Denver, CO - Irondale",1,CO,340770,-104.998507,39.798113,TRUE
227,DEQUEEN,1,AR,376719,-94.336324,34.040929,TRUE
228,DERAMUS,1,LA,379182,-93.776028,32.493531,TRUE
229,DERIDDER,3,LA,381558,-93.287251,30.835443,TRUE
230,DESERT YARD,1,CA,308304,-122.292016,37.823824,TRUE
231,DETROIT,1,OH,437920,-83.562117,41.638236,TRUE
232,"Detroit, MI",2,MI,440981,-83.115696,42.312056,TRUE
233,"Detroit, MI - Delray",3,MI,440855,-83.127987,42.294087,TRUE
234,"Detroit, MI - Detroit Intermodal Terminal",2,MI,438691,-83.462714,42.379061,TRUE
235,"Detroit, MI - Moterm Intermodal Facility (MOT)",1,MI,440301,-83.179682,42.336914,TRUE
236,DEWITT,3,NY,480928,-76.069576,43.062919,TRUE
237,DEWITT SHOPS,3,NY,480798,-76.111532,43.05411,TRUE
238,DICKINSON,1,WV,452753,-81.285909,38.148044,TRUE
239,DISMAL,1,VA,446900,-82.101712,37.231973,TRUE
240,DOLORES YARD,5,CA,321224,-118.23983,33.794722,TRUE
241,"Donna, TX - Rio Valley",1,TX,353726,-98.14692,26.31006,TRUE
242,DOREMUS,2,NJ,488363,-74.14943,40.700726,TRUE
243,DOREUMS AUTORAMP,1,NJ,488438,-74.145534,40.709385,TRUE
244,DOWNS,1,KS,352084,-98.544203,39.502363,TRUE
245,DOWNTOWN,4,TX,358258,-97.327099,32.746174,TRUE
246,DUBOIS,2,PA,469255,-78.779579,41.132794,TRUE
247,DUBUQUE (CN),1,IA,391938,-90.662776,42.496506,TRUE
248,DUNKIRK,1,NY,466352,-79.323159,42.444424,TRUE
249,"Dupo, IL - St. Louis",3,MO,393607,-90.379976,38.287183,TRUE
250,DUPONT RICHMOND LEAD,1,VA,474292,-77.437434,37.448893,TRUE
251,DUQUESNE,3,PA,463319,-79.873113,40.372291,TRUE
252,DUQUESNE COAL DOCK,2,PA,463726,-79.855704,40.378325,TRUE
253,EAGLE PASS,1,TX,348994,-100.498414,28.700573,TRUE
254,EAST,2,IN,420535,-86.872277,40.441286,TRUE
255,EAST BINGHAMTON,1,NY,481989,-75.763775,41.997943,TRUE
256,EAST BUFFALO,1,NY,468967,-78.816524,42.900744,TRUE
257,EAST BUTLER,1,PA,463455,-79.868752,40.870158,TRUE
258,EAST CHICAGO,1,IN,416125,-87.499368,41.630297,TRUE
259,EAST DURHAM,1,NC,468383,-78.86766,35.97311,TRUE
260,EAST HARTFORD,1,CT,492538,-72.636127,41.77646,TRUE
261,EAST JOLIET,4,IL,410455,-88.065596,41.537393,TRUE
262,EAST OAKLAND YARD,1,CA,308387,-122.288358,37.799272,TRUE
263,EAST PEORIA (TZPR),3,IL,401047,-89.60466,40.65284,TRUE
264,EAST ST JOHNS YARD,1,OR,303742,-122.750463,45.574247,TRUE
265,EAST ST LOUIS,4,IL,396142,-90.152263,38.557638,TRUE
266,"East St. Louis, IL",3,IL,396665,-90.125988,38.638658,TRUE
267,EAST WAYNE,1,IN,429306,-85.065772,41.071582,TRUE
268,EAST YARD,5,CA,322128,-118.209223,34.011784,TRUE
269,EDGE MOOR,1,DE,482845,-75.535332,39.728029,TRUE
270,EFFINGHAM,3,IL,407079,-88.552592,39.100207,TRUE
271,EL CENTRO YARD,1,CA,328239,-115.55529,32.803509,TRUE
272,EL DORADO (OUCH),1,LA,384438,-92.66323,33.20478,TRUE
273,EL PASO,5,TX,338881,-106.498865,31.747899,TRUE
274,EL SEGUNDO YARD,1,CA,320430,-118.395713,33.904088,TRUE
275,ELIZABETHPORT,2,NJ,487863,-74.19093,40.661885,TRUE
276,ELLIOT,1,AL,419952,-86.939101,33.491672,TRUE
277,ELMORE,1,WV,452127,-81.404401,37.559701,TRUE
278,ELSDON,1,IL,413831,-87.713636,41.801209,TRUE
279,ELYRIA,1,OH,446840,-82.115943,41.370006,TRUE
280,EMORY GAP,1,TN,431386,-84.584047,35.913144,TRUE
281,ENGLEWOOD,5,TX,369695,-95.316043,29.787582,TRUE
282,ENOLA,1,PA,476705,-76.920092,40.27711,TRUE
283,ENSEL,1,MI,431474,-84.573635,42.722183,TRUE
284,"Erail, NJ",2,NJ,487731,-74.203156,40.64431,TRUE
285,ERIE STREET YARD,1,WA,324669,-117.441082,47.651897,TRUE
286,ESCONDIDO YARD,1,CA,326015,-117.13534,33.138409,TRUE
287,ETNA,1,PA,461140,-80.016389,40.454787,TRUE
288,ETOWAH,1,TN,431843,-84.536362,35.299578,TRUE
289,EUCLID YARD,1,MI,412015,-87.912542,46.501037,TRUE
290,EUGENE YARD,1,OR,301899,-123.044409,44.039932,TRUE
291,EUREKA YARD,1,TX,368903,-95.434172,29.784083,TRUE
292,EVANSTON,1,WY,335097,-111.046561,41.249889,TRUE
293,EXCHANGE AVE A YARD,2,CA,322225,-118.203352,34.000276,TRUE
294,"Fairburn, GA",3,GA,431160,-84.612442,32.857134,TRUE
295,FALLS CITY,3,NE,368151,-95.600607,40.047417,TRUE
296,FARM YARD,1,WI,412308,-87.89431,42.55627,TRUE
297,FEDERAL,1,IL,396429,-90.138161,38.877356,TRUE
298,FERGUSON,1,MS,396602,-90.129289,31.642587,TRUE
299,FLINTRIDGE,1,AL,420061,-86.929597,33.471111,TRUE
300,FLOMATON,3,AL,418239,-87.260937,30.999126,TRUE
301,FLORENCE,1,SC,464742,-79.760172,34.199636,TRUE
302,FORD JCT,2,OH,446956,-82.089984,41.47864,TRUE
303,FORD PARK,1,OH,435210,-84.089379,40.799769,TRUE
304,FOREST HILL,1,IL,414099,-87.685064,41.648648,TRUE
305,FORT DODGE,1,IA,377537,-94.168065,42.503437,TRUE
306,"Fort Lauderdale, FL",3,FL,460118,-80.140039,26.083183,TRUE
307,FORT MADISON,1,IA,389268,-91.353277,40.61904,TRUE
308,"Fort Pierce, FL",1,FL,458319,-80.328339,27.458914,TRUE
309,FORT WAYNE,1,IN,429166,-85.127644,41.071262,TRUE
310,FRESH POND (NYA),2,NY,490529,-73.907799,40.708682,TRUE
311,FRISCO,1,TN,443830,-82.632508,36.592457,TRUE
312,"Front Royal, VA - Virginia Inland Port (VIP)",3,VA,471296,-78.188455,38.943377,TRUE
313,FT. HOOD,1,TX,354756,-97.871377,31.122622,TRUE
314,FULLERTON YARD,1,CA,323530,-117.955362,33.870018,TRUE
315,FULTON,3,KY,404825,-88.88324,36.516106,TRUE
316,GALEWOOD,1,IL,412707,-87.856147,41.933807,TRUE
317,GANG MILLS,1,NY,475701,-77.112287,42.143321,TRUE
318,Garden City Marine Terminal,3,GA,453362,-81.145295,32.124946,TRUE
319,GATEWAY,6,IL,396137,-90.152895,38.583925,TRUE
320,"GCT Bayonne Terminal, NJ",1,NJ,489431,-74.085488,40.677634,TRUE
321,"GCT New York, NY - ExpressRail (Staten Island)",3,NJ,487792,-74.196059,40.580868,TRUE
322,General Cargo Dock,3,LA,363291,-96.551962,28.840362,TRUE
323,GENESEE,1,MI,435946,-83.952157,43.424909,TRUE
324,GENEVA,1,NY,476268,-76.976501,42.871511,TRUE
325,GENTILLY,2,LA,398008,-90.02514,30.004768,TRUE
326,"Georgetown, KY",3,KY,431983,-84.51591,38.059306,TRUE
327,GETTYSBURG,2,PA,475298,-77.24536,39.833007,TRUE
328,GIBSON YARD,2,NE,366197,-95.926538,41.052625,TRUE
329,GLASS,1,TX,370187,-95.288264,29.780141,TRUE
330,GLEN PARK,1,MO,374723,-94.60726,39.07441,TRUE
331,GLOBAL 1 WEST,2,IL,414078,-87.686596,41.860366,TRUE
332,GOOD,1,IL,401939,-89.433296,40.633024,TRUE
333,GOODMAN,2,IN,426614,-85.712157,40.560266,TRUE
334,GRAND FORKS,1,MN,359698,-97.0839,47.91849,TRUE
335,GRAND JUNCTION,1,CO,336984,-108.588586,39.079859,TRUE
336,GRAYS,3,MD,479368,-76.466713,39.243865,TRUE
337,GREAT PLAINS SYNFUELS,1,ND,346516,-101.828051,47.349246,TRUE
338,"Greencastle, PA - Franklin County Regional Intermodal Facility",2,MD,472910,-77.75427,39.6503,TRUE
339,"Greensboro, NC",2,NC,463898,-79.852046,36.057558,TRUE
340,GREENVILLE,7,NJ,489322,-74.093801,40.678458,TRUE
341,GUERNSEY,1,WY,341261,-104.871342,42.323927,TRUE
342,GUTHRIE,1,TN,418702,-87.161791,36.647036,TRUE
343,"Harrisburg, PA",3,PA,476833,-76.905837,40.26969,TRUE
344,HARTFORD,2,CT,492430,-72.672311,41.776265,TRUE
345,HASELTON,1,OH,456602,-80.596759,41.061396,TRUE
346,HASTINGS,1,NE,352730,-98.409789,40.582841,TRUE
347,HAUSER,1,ID,326307,-117.004301,47.75127,TRUE
348,HAWTHORNE,2,IN,424825,-86.109124,39.755867,TRUE
349,HAYNE,1,SC,447859,-81.959363,34.962687,TRUE
350,HEARNE,1,TX,363013,-96.59573,30.883321,TRUE
351,HEGEWISCH MIXING CTR,1,IL,415758,-87.543232,41.643261,TRUE
352,HIALEAH (CSXT),2,FL,458818,-80.259621,25.849893,TRUE
353,HIALEAH (FEC),2,FL,458556,-80.309221,25.835569,TRUE
354,HILL,1,OH,451502,-81.499909,41.086199,TRUE
355,HILLSBORO YARD,1,OR,302094,-122.993755,45.514728,TRUE
356,HINKLE YARD,3,OR,318231,-119.319757,45.782438,TRUE
357,HINTON,1,WV,454794,-80.888004,37.677859,TRUE
358,HODGE,6,TX,358313,-97.325567,32.80628,TRUE
359,HOMESTEAD,1,OH,438705,-83.459678,41.659585,TRUE
360,Hooker's Point Container Terminal,1,FL,445027,-82.44087,27.91644,TRUE
361,HOPEWELL (NS),6,VA,475034,-77.28622,37.295288,TRUE
362,HOQUIAM YARD,1,WA,300613,-123.917206,46.981637,TRUE
363,"Houston, TX - Englewood (Wallisville Rd)",1,TX,369695,-95.316043,29.787582,TRUE
364,"Houston, TX - Kendleton",3,TX,360278,-96.995384,28.801263,TRUE
365,"Houston, TX - Pearland",3,TX,369072,-95.395269,29.671164,TRUE
366,HOWELL,1,IN,415091,-87.607212,37.967979,TRUE
367,HOWELLS,1,GA,432512,-84.464541,33.829808,TRUE
368,Hugh K. Leatherman Terminal,2,SC,461838,-79.952527,32.828157,TRUE
369,HULL AVENUE,1,IA,380055,-93.583026,41.617208,TRUE
370,HUNTINGTON,2,WV,444950,-82.450939,38.414421,TRUE
371,"Huntsville, AL",1,AL,422118,-86.738487,34.696846,TRUE
372,IDAHO FALLS,1,ID,332847,-112.027612,43.510293,TRUE
373,"Indianapolis, IN",1,IN,424513,-86.168252,39.736967,TRUE
374,"Indianapolis, IN - Plainfield Intermodal Terminal",3,IN,420671,-86.865643,39.654793,TRUE
375,INDUSTRIAL PLAZA YARD,1,CA,318735,-119.175927,34.199642,TRUE
376,Inland Port Dillon,3,NC,465569,-79.587122,34.20852,TRUE
377,Inland Port Greer,3,SC,445277,-82.416802,34.853751,TRUE
378,Intermodal Container Transfer Facility (ICTF),3,AL,409794,-88.16796,30.554291,TRUE
379,IOWA TRANSFER YARD,1,IA,379935,-93.591187,41.58708,TRUE
380,ISLAND AVENUE,4,PA,460955,-80.031399,40.454787,TRUE
381,Jacintoport Terminal,1,TX,371167,-95.150036,29.755952,TRUE
382,"Jackson, MS",3,MS,395844,-90.169588,32.28227,TRUE
383,"Jacksonville, FL",6,FL,449101,-81.768539,30.348213,TRUE
384,"Jacksonville, FL - Fowden Intermodal Terminal",1,FL,450295,-81.635357,30.342886,TRUE
385,JAMAICA YARD,2,NY,490901,-73.815684,40.698408,TRUE
386,JEFFERSON CITY,1,MO,386017,-92.225005,38.595213,TRUE
387,JENKS SHOPS,2,AR,385709,-92.283664,34.75213,TRUE
388,"Joliet, IL",1,IL,410493,-88.063831,41.538772,TRUE
389,Kansas City - Logistics Park Kansas City (LPKC),3,KS,372156,-95.005021,38.765026,TRUE
390,"Kansas City, MO",3,MO,375792,-94.486015,39.175246,TRUE
391,"Kansas City, MO - International Freight Gateway (IFG)",3,MO,375289,-94.53911,38.895322,TRUE
392,KCS EAST,2,MO,375681,-94.501109,39.12531,TRUE
393,KEARNEY YARD,1,CA,314798,-120.956152,37.491021,TRUE
394,"Kearny, NJ",1,NJ,488251,-74.156109,40.739082,TRUE
395,KENMORE,3,NY,467903,-78.912035,42.969156,TRUE
396,KENNEY,7,PA,463166,-79.87753,40.378325,TRUE
397,KENOVA,1,WV,444227,-82.567838,38.391474,TRUE
398,KENWOOD,4,NY,490998,-73.765443,42.621626,TRUE
399,KEOKUK,1,MO,388938,-91.435022,40.384957,TRUE
400,KEYSER,1,WV,467137,-79.04711,39.480484,TRUE
401,KINGMAN,1,KS,353780,-98.1241,37.64148,TRUE
402,KIRK,7,IN,417091,-87.386016,41.606451,TRUE
403,KIRK (GRW),1,IN,417018,-87.390938,41.626723,TRUE
404,KLAMATH FALLS YARD,1,OR,311919,-121.779739,43.213594,TRUE
405,KNOCHE,1,MO,375124,-94.563153,39.117817,TRUE
406,LAMBERTS POINT,2,VA,480118,-76.304628,36.874446,TRUE
407,LANG,1,OH,438424,-83.502802,41.692395,TRUE
408,LARAMIE,2,WY,339834,-105.59763,41.30116,TRUE
409,LAREDO,5,TX,350172,-99.516248,27.500125,TRUE
410,"Las Vegas, NV",3,NV,328504,-115.199327,36.077542,TRUE
411,"Lathrop, CA",2,CA,314028,-121.262763,37.820164,TRUE
412,LAURENS,1,SC,447365,-82.013603,34.497364,TRUE
413,LAXT YARD,1,CA,320905,-118.255801,33.744074,TRUE
414,LEWISTOWN,4,PA,473580,-77.59841,40.561008,TRUE
415,LINCOLN (UP),2,NE,362032,-96.720259,40.807668,TRUE
416,LINDENWOOD,1,MO,394071,-90.316912,38.599671,TRUE
417,LITTLE FERRY (CSXT),1,NJ,489886,-74.021475,40.821139,TRUE
418,LITTLE FERRY (NYSW),2,NJ,489814,-74.027719,40.822481,TRUE
419,"Little Ferry, NJ",1,NJ,489881,-74.022074,40.822481,TRUE
420,LIVONIA,1,LA,388422,-91.575328,30.551325,TRUE
421,LOCKWOOD INTERMODAL,1,TX,369598,-95.328025,29.78247,TRUE
422,"Long Beach, CA - ICTF",1,CA,321303,-118.237665,33.788359,TRUE
423,"Long Beach, CA - International Transportation Service (ITS/Pier G)",3,CA,322325,-118.196127,33.738685,TRUE
424,"Long Beach, CA - Long Beach Container Terminal (LBCT/Pier E)",3,CA,322146,-118.207803,33.764711,TRUE
425,"Long Beach, CA - SSA Terminals (Pier A)",1,CA,321239,-118.239314,33.77612,TRUE
426,Long Mott Harbor,1,TX,361648,-96.766011,28.490746,TRUE
427,LONGVIEW (BNSF),1,TX,373766,-94.717727,32.496562,TRUE
428,LONGVIEW (UP),1,TX,373641,-94.728923,32.494054,TRUE
429,LORDSBURG,1,NM,336886,-108.683008,32.343912,TRUE
430,LORDSTOWN CSX AUTOLOAD,1,OH,454917,-80.877133,41.177802,TRUE
431,"Los Angeles, CA - City of Industry",2,CA,323402,-118.002647,34.053136,TRUE
432,"Los Angeles, CA - East Washington Blvd",3,CA,322195,-118.204774,33.999654,TRUE
433,"Los Angeles, CA - Hobart",2,CA,322330,-118.195542,34.001636,TRUE
434,"Los Angeles, CA - Lamar St (LATC)",3,CA,321732,-118.226248,34.059614,TRUE
435,"Louisville, KY",3,KY,426466,-85.742617,38.117734,TRUE
436,"Louisville, KY - Appliance Park",1,KY,427100,-85.654997,38.189365,TRUE
437,"Louisville, KY - Buechel",3,KY,426358,-85.754791,38.191656,TRUE
438,LOWER LUBBOCK,5,TX,346630,-101.81901,33.562729,TRUE
439,LUBBOCK,4,TX,346120,-101.852903,33.577074,TRUE
440,LUBBOCK (BNSF),2,TX,346140,-101.844989,33.590108,TRUE
441,LUBBOCK (WTLC),4,TX,346442,-101.829778,33.564518,TRUE
442,LUBBOCK CONTAINER,1,TX,346404,-101.830985,33.576738,TRUE
443,LUTHER,6,MO,394816,-90.225745,38.688806,TRUE
444,MADISON (TRRA),4,IL,395921,-90.16581,38.664645,TRUE
445,MADISON (UP),1,IL,396238,-90.147498,38.675384,TRUE
446,MAIDSVILLE,1,WV,460254,-80.12018,39.530005,TRUE
447,Main Docks/General Cargo,3,AL,410758,-88.04623,30.704704,TRUE
448,MANDAN,1,ND,342952,-104.045734,46.933981,TRUE
449,MANITOWOC YARD,1,WI,414127,-87.68337,44.072681,TRUE
450,MARCELINE,1,MO,380294,-93.531326,39.335338,TRUE
451,Marine Terminal,3,DE,482199,-75.689599,39.603758,TRUE
452,"Marion, AR",3,AR,394496,-90.255437,35.208192,TRUE
453,"Marion, OH - Ohio Valley Intermodal Facility",3,OH,440712,-83.136375,40.589838,TRUE
454,MARKHAM,1,IL,413929,-87.701789,41.499298,TRUE
455,MARSHALL,1,TX,376433,-94.369661,32.551394,TRUE
456,MARYSVILLE,1,KS,360720,-96.908871,39.923017,TRUE
457,MASON CITY,2,IA,382370,-93.208928,43.14159,TRUE
458,Mason ICTF,1,GA,453206,-81.165969,32.152741,TRUE
459,Matson Terminal,1,CA,308416,-122.285531,37.82666,TRUE
460,MAURICEVILLE,1,TX,378908,-93.867449,30.200512,TRUE
461,MAYS,2,LA,395232,-90.203445,29.971538,TRUE
462,MCALESTER,1,OK,367312,-95.764821,34.949677,TRUE
463,MCCULLOUGH,1,OH,432704,-84.43593,39.16994,TRUE
464,MCGEHEE,5,AR,389092,-91.40076,33.618688,TRUE
465,MEADOW CREEK,2,WV,454615,-80.922114,37.791799,TRUE
466,MEADOWS,6,NJ,488100,-74.169009,40.716117,TRUE
467,MEADOWS IMF,1,NJ,489050,-74.111509,40.72076,TRUE
468,MEMPHIS INTERMODAL TERM,2,TN,396179,-90.149969,35.046116,TRUE
469,"Memphis, TN",3,TN,396254,-90.146835,35.046781,TRUE
470,"Memphis, TN - Rossville",1,MS,399448,-89.854201,34.985132,TRUE
471,MERIDIAN (KCS),3,MS,405872,-88.714117,32.352295,TRUE
472,MERIDIAN (NS),1,MS,405727,-88.723287,32.356251,TRUE
473,METROLINK SHOPS YARD,1,CA,321440,-118.233061,34.094404,TRUE
474,"Miami, FL",1,FL,458544,-80.309739,25.839026,TRUE
475,"Miami, FL - Port of Miami Terminal Operating Company (POMTOC)",1,FL,459893,-80.18815,25.83669,TRUE
476,MIDDLEBORO,1,MA,495221,-70.925544,41.886567,TRUE
477,MILLDALE,1,FL,450116,-81.647449,30.377241,TRUE
478,MILLEN,1,GA,447937,-81.948927,32.800689,TRUE
479,MILLINOCKET,1,ME,496379,-68.716034,45.664632,TRUE
480,MILLSTONE,1,WV,446945,-82.093479,37.689631,TRUE
481,MINDEN,1,LA,381485,-93.292802,32.59692,TRUE
482,MINGO (WE),1,OH,456147,-80.661875,40.237534,TRUE
483,"Minneapolis, MN - Shoreham Yard",3,MN,381909,-93.26265,45.016189,TRUE
484,MISSOURI VALLEY,1,IA,366510,-95.901241,41.555131,TRUE
485,M-K,1,TX,370157,-95.289311,29.773528,TRUE
486,MOBILE ($AGR),1,AL,410601,-88.057932,30.722131,TRUE
487,MOBILE (CN),1,AL,410075,-88.119529,30.707614,TRUE
488,MOCKINGBIRD,1,TX,360787,-96.900331,32.814114,TRUE
489,MOJAVE YARD,1,CA,322569,-118.176087,35.058318,TRUE
490,MONROE STATION,3,LA,386360,-92.12562,32.498279,TRUE
491,MONTPELIER,1,ID,334613,-111.577019,42.640783,TRUE
492,MOPAC,2,TX,339088,-106.467716,31.761777,TRUE
493,MORGANTOWN STORAGE,1,MD,476332,-76.964044,38.364036,TRUE
494,MORMON YARD,1,CA,313974,-121.265425,37.948905,TRUE
495,"Morrisville, PA",3,PA,485551,-74.893146,40.187001,TRUE
496,MOSS POINT,1,MS,407631,-88.487773,30.516253,TRUE
497,MURRAY,4,MO,374911,-94.589359,39.118918,TRUE
498,MUSCATINE,2,IA,390529,-91.075602,41.393655,TRUE
499,NAMPA,4,ID,327138,-116.566565,42.946537,TRUE
500,NAPA JUNCTION YARD,1,CA,308776,-122.252907,38.188679,TRUE
501,"Nashville, TN",1,TN,421934,-86.757773,36.083653,TRUE
502,NAUGATUCK,1,WV,445836,-82.348349,37.792032,TRUE
503,NEFF,3,MO,375091,-94.569043,39.114337,TRUE
504,NEVADA,1,MO,376610,-94.348102,37.839187,TRUE
505,NEW,3,MD,358067,-97.338529,32.788134,TRUE
506,NEW CASTLE,5,PA,457752,-80.370993,40.920778,TRUE
507,NEW ORLEANS (SHREWSBURY,1,LA,396352,-90.142538,29.972839,TRUE
508,NEW ORLEANS (SHREWSBURY),2,LA,396352,-90.15778,29.972839,TRUE
509,"New Orleans, LA",8,LA,394569,-90.245858,29.913731,TRUE
510,NEW RIVER,2,OH,431845,-84.53633,39.428085,TRUE
511,NEW SOUTH,1,TX,369563,-95.333151,29.715171,TRUE
512,NEWCASTLE,2,PA,457849,-80.366207,40.93462,TRUE
513,NIAGARA,2,NY,467106,-79.05226,43.110098,TRUE
514,NORFOLK,1,NE,356391,-97.520811,41.475807,TRUE
515,Norfolk International Terminals (NIT),1,VA,480026,-76.31877,36.91676,TRUE
516,"Norfolk, VA - Portlock",3,VA,480106,-76.308785,36.772677,TRUE
517,NORPAUL,1,IL,412692,-87.857884,41.93155,TRUE
518,NORRIS,1,AL,422388,-86.683131,33.556361,TRUE
519,NORTH,10,CO,340745,-105.000024,29.754897,TRUE
520,NORTH (CN),2,IL,404569,-88.91733,39.87407,TRUE
521,"North Baltimore, OH - Northwest Ohio ICTF",3,OH,436262,-83.899861,41.152075,TRUE
522,"North Bergen, NJ",3,NJ,489665,-74.058969,40.753222,TRUE
523,NORTH CHARLESTON,1,SC,461299,-79.995004,32.865336,TRUE
524,"North Charleston Terminal, SC",1,SC,461451,-79.980086,32.895935,TRUE
525,NORTH COUNCIL BLUFFS,1,IA,366532,-95.897663,41.547102,TRUE
526,NORTH END,1,OK,354829,-97.86188,36.438694,TRUE
527,NORTH GULFPORT,1,MS,403426,-89.095997,30.422475,TRUE
528,NORTH JACKSON,2,MS,395432,-90.191825,32.307847,TRUE
529,NORTH LITTLE ROCK,2,AR,385895,-92.250595,34.763673,TRUE
530,NORTH PORT,1,SC,461512,-79.973699,32.861926,TRUE
531,NORTH ST LOUIS,1,MO,395565,-90.187011,38.654044,TRUE
532,NORTH TOPEKA,2,KS,367767,-95.676799,39.069354,TRUE
533,NORTHERN MAINE JUNCTION,1,ME,496228,-68.868608,44.789321,TRUE
534,NORTHERN MAINE JUNCTION (MMA),3,ME,496219,-68.870318,44.783316,TRUE
535,NORTHERN MAINE JUNCTION (ST),3,ME,496268,-68.860215,44.787614,TRUE
536,NORTON,1,VA,443823,-82.634271,36.930669,TRUE
537,NYK / EVERGREEN TERMINAL YARD,3,CA,320808,-118.269571,33.738923,TRUE
538,OAK,1,MI,439956,-83.244346,42.379061,TRUE
539,OAK ISLAND,7,NJ,487930,-74.186431,40.711205,TRUE
540,OAK POINT,1,NY,490514,-73.911994,40.800941,TRUE
541,OAK ST,1,KY,426286,-85.774788,38.24831,TRUE
542,OAKFIELD,2,ME,496629,-68.148693,46.105375,TRUE
543,Oakland International Container Terminal (OICT),1,CA,308171,-122.301239,37.815038,TRUE
544,OAKWOOD,1,MI,440152,-83.203472,42.270889,TRUE
545,Ocean Terminal,3,GA,453492,-81.13121,32.084514,TRUE
546,OLD CITY,1,TX,369967,-95.293724,29.745618,TRUE
547,OLD SOUTH,1,TX,369471,-95.346567,29.74929,TRUE
548,OLEAN,1,NY,469742,-78.655776,42.133058,TRUE
549,OLIVER,3,LA,397690,-90.050271,29.962071,TRUE
550,OMAHA INDUSTRIAL,2,NE,366219,-95.925645,41.270399,TRUE
551,OSBORN,4,KY,426373,-85.752673,38.117734,TRUE
552,OTTUMWA,1,IA,383866,-92.826209,40.885528,TRUE
553,OWOSSO,1,MI,434779,-84.136271,42.979971,TRUE
554,OXNARD YARD,1,CA,318643,-119.200459,34.246553,TRUE
555,PALESTINE,2,TX,367886,-95.645557,31.752012,TRUE
556,Palm Beach Terminal,1,FL,460692,-80.064165,26.776531,TRUE
557,PALMER,1,MA,492956,-72.330103,42.156346,TRUE
558,PARKERSBURG HIGH,2,WV,450899,-81.565948,39.260324,TRUE
559,PAULSBORO,2,NJ,484095,-75.252149,39.832723,TRUE
560,PAVONIA,1,NJ,484902,-75.117152,39.9191,TRUE
561,PEACH,1,TX,358261,-97.326853,32.771061,TRUE
562,PENN MARY,1,MD,478879,-76.554519,39.266716,TRUE
563,"Philadelphia, PA - Greenwhich",3,PA,484496,-75.19242,39.900559,TRUE
564,"Phoenix, AZ - Glendale",1,AZ,332238,-112.16477,33.461947,TRUE
565,PIERCE,3,TX,369578,-95.330327,29.818901,TRUE
566,Pierce County Terminal (PCT),3,WA,306734,-122.37488,47.24777,TRUE
567,PITTSBURG,1,MO,374579,-94.616788,37.52893,TRUE
568,PITTSBURG YARD,1,CA,311238,-121.926061,38.029738,TRUE
569,"Pittsburgh, PA",3,PA,463838,-79.853213,40.316056,TRUE
570,"Pittsburgh, PA - McKees Rocks",3,PA,460816,-80.056473,40.469301,TRUE
571,PLAINVIEW,4,TX,347095,-101.69507,34.190352,TRUE
572,PLUNKETT,1,WV,449337,-81.729106,37.60479,TRUE
573,POLK YARD,1,CA,312915,-121.408285,38.526899,TRUE
574,POMONA INTERMODAL,2,NC,463898,-79.852046,36.057558,TRUE
575,POND,2,NY,490599,-73.890231,40.706404,TRUE
576,POPLAR BLUFF,1,MO,392501,-90.514175,36.498502,TRUE
577,Port Bienville Industrial Park,1,MS,401234,-89.575694,30.211808,TRUE
578,PORT LAREDO,6,TX,350283,-99.472464,27.661892,TRUE
579,PORT NEWARK,4,NJ,488182,-74.162263,40.68602,TRUE
580,"Port Newark Container Terminal, NJ - ExpressRail (Newark)",1,NJ,488248,-74.156176,40.695397,TRUE
581,PORT OF ALBANY,3,NY,490936,-73.803994,42.531637,TRUE
582,Port of Fernandina,1,FL,451777,-81.463262,30.661476,TRUE
583,PORT READING,1,NJ,487449,-74.248175,40.567566,TRUE
584,Port Westward Industrial Park,1,WA,302041,-123.007097,46.145364,TRUE
585,PORTAL,1,ND,345051,-102.549083,48.998972,TRUE
586,"Portland, OR - Brooklyn",2,OR,304885,-122.664784,45.508892,TRUE
587,"Portland, OR - Terminal 2 (Guilds Lake)",2,OR,303560,-122.768459,45.590264,TRUE
588,"Portland, OR - Terminal 6",1,OR,304016,-122.725608,45.622137,TRUE
589,Portsmouth Empty Container Yard (PPCY),1,VA,479932,-76.329598,36.846772,TRUE
590,"Portsmouth, VA",1,VA,479932,-76.329598,36.846772,TRUE
591,PRESQUE ISLE,1,ME,496675,-68.020387,46.673936,TRUE
592,PROVISO,7,IL,411860,-87.925087,41.891322,TRUE
593,PROVISO #9,1,IL,411784,-87.939107,41.98913,TRUE
594,PRYOR,2,OK,369538,-95.337708,36.243028,TRUE
595,PT OF BROWNSVILLE,2,TX,357092,-97.419068,25.954971,TRUE
596,PULLMAN,4,CO,340903,-104.970065,39.773761,TRUE
597,QUEENSGATE,3,OH,431700,-84.544223,39.102256,TRUE
598,RADNOR,3,TN,421791,-86.772222,36.060901,TRUE
599,RALEIGH,1,WV,453199,-81.166936,37.757054,TRUE
600,RAY,2,TX,363186,-96.568474,33.771676,TRUE
601,Red Hook Container Terminal,1,NY,490107,-73.987011,40.693772,TRUE
602,RICE,1,GA,445754,-82.365741,31.203865,TRUE
603,Richmond Marine Termianl (RMT),1,VA,474497,-77.423785,37.460007,TRUE
604,RICKENBACKER INTERMODAL,1,OH,442019,-82.969043,39.330185,TRUE
605,RIGBY,4,ME,495506,-70.301879,43.603126,TRUE
606,RIVER ROUGE,2,MI,440695,-83.138306,42.276145,TRUE
607,RIVERBANK YARD,1,CA,314923,-120.939673,37.734879,TRUE
608,RIVERSIDE,1,MD,478559,-76.59977,39.267,TRUE
609,ROBINSON,1,SC,460000,-80.162416,34.410444,TRUE
610,ROCHESTER,1,NY,473393,-77.644282,43.152955,TRUE
611,ROCK ISLAND,2,IL,392352,-90.559831,41.508848,TRUE
612,ROCK SPRINGS,1,WY,336260,-109.691751,41.576685,TRUE
613,ROCKPORT,1,OH,448769,-81.810901,41.423521,TRUE
614,ROCKY MOUNT,1,NC,472431,-77.928197,35.685677,TRUE
615,ROSSFORD,1,OH,437883,-83.568914,41.597277,TRUE
616,ROZET,1,WY,340098,-105.292425,44.290587,TRUE
617,"Rutherford, PA",1,PA,477271,-76.836299,40.231617,TRUE
618,S&N,1,AL,423742,-86.331088,32.414953,TRUE
619,S. KAISER YARD,1,CA,324555,-117.513624,34.079413,TRUE
620,SAGINAW,4,MI,357676,-97.362036,32.865465,TRUE
621,SALEM (CSAO),1,NJ,484655,-75.155356,39.827265,TRUE
622,Salem Marine Terminal (SMT),1,NJ,483304,-75.462762,39.577557,TRUE
623,"Salt Lake City, UT",3,UT,332559,-112.083795,40.750929,TRUE
624,SAN ANGELO,1,TX,349098,-100.417668,31.480947,TRUE
625,"San Antonio, TX - SAIT",3,TX,350283,-99.472464,27.661892,TRUE
626,SAN BERNARDINO A YARD,2,CA,325367,-117.326676,34.100958,TRUE
627,SAN BERNARDINO B YARD,1,CA,325367,-117.326676,34.100958,TRUE
628,"San Bernardino, CA",3,CA,325271,-117.332018,34.104463,TRUE
629,SAN FERNANDO,1,TX,352236,-98.506002,29.428875,TRUE
630,SAN JOSE YARD,1,CA,311324,-121.904596,37.334477,TRUE
631,SANDUSKY,1,OH,442734,-82.836885,41.270168,TRUE
632,SANTA MARIA YARD,1,CA,316028,-120.443597,34.945997,TRUE
633,"Santa Teresa, NM",2,NM,338129,-107.066081,32.000625,TRUE
634,SANTANTA,1,KS,348179,-100.997939,37.437492,TRUE
635,Savannah Gateway Industrial Hub,3,GA,452965,-81.239198,32.090004,TRUE
636,"Savannah, GA",3,GA,453365,-81.145123,32.073106,TRUE
637,SCOTCHVILLE,1,GA,450675,-81.600335,30.757805,TRUE
638,SCOTT CITY,1,MO,400759,-89.636628,37.204769,TRUE
639,Seaport,1,WA,302770,-122.903773,47.055783,TRUE
640,SEARLES YARD,1,CA,322566,-118.176328,35.059062,TRUE
641,Seattle International Gateway (SIG),1,WA,307602,-122.336823,47.568381,TRUE
642,"Seattle, WA - South Seattle",3,WA,308406,-122.28683,47.476434,TRUE
643,SELKIRK,1,NY,490262,-73.95073,42.68451,TRUE
644,SENECA,4,NY,468791,-78.836236,42.807344,TRUE
645,SETTEGAST,5,TX,369971,-95.293631,29.807512,TRUE
646,SHARON SPRINGS,1,CO,345779,-102.045503,38.858052,TRUE
647,SHEFFIELD,1,AL,414518,-87.64912,34.715499,TRUE
648,SHENANGO,1,PA,457573,-80.401,41.367676,TRUE
649,SHERMAN (DGNO),1,TX,362930,-96.603549,33.629792,TRUE
650,SHIRE OAKS,2,PA,461789,-79.955333,40.241871,TRUE
651,SHIREMANSTOWN,1,PA,476310,-76.96816,40.222253,TRUE
652,SHOPS,1,IL,400844,-89.629836,39.801723,TRUE
653,SHOPS YARD,3,WI,407762,-88.472716,43.794307,TRUE
654,SHOPS YARD (LATC),3,CA,321732,-118.226248,34.060227,TRUE
655,SHOPTON,4,IA,388320,-91.621791,40.518159,TRUE
656,SHORTLINE,2,IA,379998,-93.585685,41.588859,TRUE
657,SHREVEPORT JUNCTION,1,LA,379276,-93.760219,32.492988,TRUE
658,SHREVEPORT RIVERFRONT,1,LA,379361,-93.742606,32.512666,TRUE
659,SIOUX CITY EAST,1,IA,364076,-96.39166,42.49215,TRUE
660,SIOUX CITY STOCKYARDS,1,IA,364268,-96.363235,42.413028,TRUE
661,SIOUX FALLS (BNSF),2,SD,362047,-96.71899,43.533673,TRUE
662,SMITHVILLE,1,TX,359171,-97.16235,30.00702,TRUE
663,SOMERSET YARD,1,CO,337507,-108.089378,38.746213,TRUE
664,SOUTH AMARILLO,2,TX,346555,-101.825501,35.20942,TRUE
665,SOUTH CHICAGO (CN),1,IL,415787,-87.539915,41.729488,TRUE
666,SOUTH JOHNSONBURG,1,PA,469686,-78.671812,41.476636,TRUE
667,SOUTH KLAMATH FALLS YARD,1,OR,311966,-121.770814,42.196195,TRUE
668,SOUTH LAREDO,1,TX,350172,-99.516248,27.500125,TRUE
669,SOUTH SAN ANTONIO,2,TX,351908,-98.593532,29.334475,TRUE
670,SOUTH/INTERNATIONAL,3,TX,338957,-106.489166,31.748694,TRUE
671,"Sparks, NV",3,NV,316627,-119.922753,39.515562,TRUE
672,SPENCER,1,NC,457545,-80.410053,35.70626,TRUE
673,"Spokane, WA",3,WA,324892,-117.378311,47.660927,TRUE
674,SPRINGFIELD,1,MO,380934,-93.3625,37.219274,TRUE
675,SPRINGFIELD SOUTH,3,MO,381332,-93.309972,37.211547,TRUE
676,"Springfield, MA",1,MA,492560,-72.625914,42.100063,TRUE
677,SPRUANCE GENCO LEAD,1,VA,474267,-77.438698,37.466586,TRUE
678,ST JOSEPH,1,MO,372981,-94.8556,39.75817,TRUE
679,"St. Louis, MO",1,MO,395008,-90.213504,38.688806,TRUE
680,"St. Louis, MO - Lindenwood",2,MO,392598,-90.493288,38.218528,TRUE
681,"St. Paul, MN - Midway",3,MN,382394,-93.20767,44.972935,TRUE
682,"Stackbridge, MA",2,MA,493459,-71.811839,42.245696,TRUE
683,STATE JCT,1,SC,463591,-79.860947,33.144907,TRUE
684,STATE LINE,2,MO,374727,-94.60724,39.099988,TRUE
685,STATE LINE PWR PLT,2,IL,415936,-87.526008,41.707724,TRUE
686,STOCKTON INTERMODAL TERMINAL,1,CA,314069,-121.259702,37.950351,TRUE
687,STOCKTON YARD,5,CA,313746,-121.274289,37.907036,TRUE
688,STOCKTON YARD (CALTRAIN SHOPS),1,CA,311285,-121.914288,37.342221,TRUE
689,"Stockton, CA",2,CA,313886,-121.271337,37.901406,TRUE
690,STRANG,3,TX,371933,-95.043264,29.683482,TRUE
691,SUNNYSIDE,1,TX,377551,-94.165657,30.071083,TRUE
692,SWEETWATER,2,TX,349158,-100.39933,32.50641,TRUE
693,Talleyrand Intermodal Container Transfer Facility (ICTF),3,FL,450150,-81.645318,30.349671,TRUE
694,"Tampa, FL",1,FL,445641,-82.384023,27.955503,TRUE
695,"Taylor, PA",3,PA,481913,-75.783535,41.343879,TRUE
696,TEMPLE,4,TX,357842,-97.354922,31.094714,TRUE
697,TENNESSEE,1,TN,399370,-89.865066,34.994259,TRUE
698,Terminal,7,CA,318637,-119.203487,25.951973,TRUE
699,Terminal 115 (T-115),1,WA,307239,-122.355815,47.570539,TRUE
700,Terminal 18 (T-18),1,WA,307360,-122.349271,47.572536,TRUE
701,Terminal 3 (T-3),1,WA,307464,-122.340535,47.570834,TRUE
702,Terminal 5,1,WA,307239,-122.355815,47.570539,TRUE
703,TEXARKANA,2,TX,378127,-94.049975,33.416568,TRUE
704,TEXARKANA UP(SSW),1,TX,378119,-94.051518,33.415616,TRUE
705,TEXAS CITY TERMINAL,1,TX,372417,-94.939742,29.350115,TRUE
706,THOMASVILLE,1,GA,435729,-83.99284,30.833201,TRUE
707,THOMSON WORKS,1,PA,464193,-79.837733,40.392227,TRUE
708,TIPTON,1,IN,423043,-86.50451,40.282661,TRUE
709,TOLEDO MEGA TERMINAL,1,OH,437686,-83.613414,41.632944,TRUE
710,"Toledo, OH",3,OH,437083,-83.709479,41.634169,TRUE
711,TOPEKA (BNSF),1,KS,367800,-95.663726,39.053404,TRUE
712,Total Terminals International (TTI/Pier T),1,CA,321280,-118.238196,33.760317,TRUE
713,TOWER 55,4,TX,357923,-97.349984,32.737287,TRUE
714,TRACY YARD,1,CA,312831,-121.419892,37.735937,TRUE
715,TRANSFER,1,IN,424358,-86.215563,39.755803,TRUE
716,TRANSFER YARD,2,CA,320943,-118.254259,33.771895,TRUE
717,TRANSFLO TERMINAL,1,TN,421797,-86.771536,36.146694,TRUE
718,TraPac Terminal,1,CA,308010,-122.311923,37.822994,TRUE
719,TRINIDAD,1,CO,342365,-104.486951,36.993897,TRUE
720,TUCKAHOE,1,NJ,485963,-74.761206,39.292804,TRUE
721,TUCSON YARD,1,AZ,335305,-110.952718,32.213283,TRUE
722,"Tucson, AZ",2,AZ,335597,-110.761756,32.07535,TRUE
723,TWIN FALLS,1,ID,329042,-114.765397,42.594405,TRUE
724,TYBURN YARD,1,PA,485942,-74.768518,40.191897,TRUE
725,UCETA,1,FL,445429,-82.40298,27.959596,TRUE
726,UNION STOCK YARD,1,NE,365981,-95.95018,41.204635,TRUE
727,VALLEY,3,IL,396173,-90.150441,38.577614,TRUE
728,VAN BUREN,1,AR,376537,-94.35941,35.435201,TRUE
729,VASSAR,1,MI,437844,-83.57765,43.37433,TRUE
730,Velasco Container Terminal,1,TX,369493,-95.344478,28.938349,TRUE
731,VENICE,1,IL,395935,-90.165024,38.643608,TRUE
732,Virginia International Gateway (VIG),3,VA,479573,-76.43484,36.841978,TRUE
733,VON WILLER,1,OH,450349,-81.631231,41.465463,TRUE
734,WALL STREET,1,TX,377803,-94.111542,30.076841,TRUE
735,Wando Welch Terminal,3,SC,461883,-79.949919,32.825708,TRUE
736,WANSFORD,1,IN,415782,-87.539964,38.013051,TRUE
737,WARM SPRINGS YARD,1,CA,311299,-121.909363,37.443328,TRUE
738,WARNER,1,MI,438828,-83.434242,41.851371,TRUE
739,Washington United Terminals (WUT),1,WA,305981,-122.404036,47.254587,TRUE
740,WATERVILLE,2,ME,495883,-69.626684,44.559828,TRUE
741,WATKINS ROAD,1,OH,442244,-82.948984,39.891836,TRUE
742,WATSON YARD,1,CA,320963,-118.253864,33.79829,TRUE
743,WAUHATCHIE,1,TN,428035,-85.38472,34.983249,TRUE
744,WAVERLY,2,MI,424962,-86.086089,40.690892,TRUE
745,WAYNE (NS),1,MI,439054,-83.397116,42.277603,TRUE
746,WELLINGTON,1,KS,357303,-97.395806,37.26068,TRUE
747,WEST ALBANY,2,NY,490953,-73.794041,42.687244,TRUE
748,West Basin Container Terminal (WBCT) - China Shipping Holding (Berths 1-19),1,CA,320831,-118.263198,33.766779,TRUE
749,WEST BROWNSVILLE,4,PA,462893,-79.893408,40.03162,TRUE
750,WEST CHICAGO,6,IL,409290,-88.244495,41.882946,TRUE
751,WEST COLTON YARD,3,CA,325052,-117.354703,34.066345,TRUE
752,WEST DAVENPORT,1,IA,391434,-90.823546,41.458769,TRUE
753,WEST QUINCY,1,MO,388813,-91.46069,39.891011,TRUE
754,West Sitcum Terminal,3,WA,305935,-122.405671,47.250961,TRUE
755,West Terminal,1,FL,426546,-85.729662,30.182828,TRUE
756,WEST YARD,1,KS,374421,-94.632146,39.090826,TRUE
757,WEST YARD - OGDEN,2,UT,333209,-111.987035,41.229289,TRUE
758,WESTERN AVE,1,IL,414089,-87.685609,41.85746,TRUE
759,WIGGINS #2,1,IL,395940,-90.164581,38.662558,TRUE
760,WILLARD,3,OH,443400,-82.729608,41.060258,TRUE
761,WILLIAMSON,2,WV,446099,-82.275802,37.628021,TRUE
762,"Wilmington, CA - TraPac Intermodal Container Transfer Facility",3,CA,320790,-118.277919,33.72642,TRUE
763,WILSMERE,1,DE,482450,-75.620214,39.730191,TRUE
764,"Winter Haven, FL - Central Florida Intermodal Logistics Center (CFILC)",3,FL,450129,-81.646247,27.88596,TRUE
765,"Worcester, MA",3,MA,493459,-71.811839,42.247836,TRUE
766,WYLIE,1,TX,363320,-96.547026,33.010173,TRUE
767,"Wylie, TX",2,TX,361823,-96.748611,32.915895,TRUE
768,YARD CENTER,1,IL,415013,-87.612197,41.597202,TRUE
769,YEOMAN,2,FL,445641,-82.384023,27.955503,TRUE
770,YOLO PORT YARD,1,CA,312385,-121.581726,38.559364,TRUE
771,YSIDRO YARD,1,CA,326094,-117.098431,32.637383,TRUE
772,YUMA YARD,1,AZ,329180,-114.615434,32.725979,TRUE
773,Yusen Terminals (Berths 212-225),2,CA,321043,-118.249181,33.756278,TRUE
